foul ,  1
four ,  3
hanging ,  4
increase ,  1
scold ,  1
lord ,  6
immature ,  1
sinking ,  2
oceans ,  1
bringing ,  1
disturb ,  2
uttering ,  2
wooden ,  1
piling ,  1
shouting ,  2
specially ,  6
tired ,  5
second ,  5
sustaining ,  1
thunder ,  1
cooking ,  1
fingers ,  5
increasing ,  1
shocks ,  1
hero ,  8
avert ,  3
unseemly ,  1
cult ,  2
pretensions ,  1
elaborate ,  1
reports ,  1
controversy ,  1
natures ,  5
military ,  2
golden ,  6
explained ,  1
gloaming ,  1
summons ,  3
brought ,  25
remnant ,  1
summone ,  1
unit ,  1
cheating ,  1
spoke ,  1
definiteness ,  1
symphony ,  2
music ,  20
therefore ,  20
strike ,  2
holy ,  4
successful ,  2
brings ,  1
whirling ,  2
hurt ,  13
glass ,  3
tying ,  1
[on ,  1
midst ,  4
hold ,  14
circumstances ,  1
locked ,  1
pursue ,  3
accomplishment ,  2
example ,  6
unjust ,  3
household ,  18
chasm ,  1
currency ,  4
caution ,  1
kingdoms ,  1
want ,  73
cookery ,  1
somebodys ,  2
absolute ,  2
gusts ,  1
complaining ,  1
travel ,  1
feature ,  1
machine ,  5
imperishable ,  1
hot ,  1
hesitatingly ,  1
dared ,  2
dignified ,  1
fanaticism ,  3
bibhisan ,  1
abstraction ,  1
beauty ,  20
wrong ,  14
twined ,  1
reddens ,  1
unselfish ,  1
obscuring ,  1
armed ,  2
wins ,  4
youths ,  4
headquarters ,  1
keeps ,  6
wind ,  8
wine ,  6
earthiness ,  1
enquiring ,  1
rewarded ,  1
wrought ,  2
lovingly ,  1
fit ,  7
charmers ,  1
fib ,  1
anticipations ,  1
vast ,  1
hidden ,  13
easier ,  2
glorify ,  1
grievous ,  1
slicing ,  2
educating ,  2
effects ,  1
interrupt ,  1
silver ,  2
rumour ,  1
merrily ,  1
arrow ,  1
volcano ,  1
interfering ,  1
blushed ,  2
obdurate ,  1
snakes ,  1
series ,  2
distillery ,  1
blinded ,  2
whip ,  1
borne ,  4
re ,  1
millions ,  6
outburst ,  6
assured ,  3
underfoot ,  1
threatened ,  1
yesterday ,  1
headmastership ,  1
faculties ,  1
checked ,  2
obstructing ,  1
exposing ,  1
shelves ,  3
cauldrons ,  1
flurry ,  1
disturbed ,  3
tempting ,  1
loudness ,  1
caught ,  10
wash ,  2
sallied ,  2
service ,  6
xii ,  2
forsooth ,  1
needed ,  2
master ,  46
blossoms ,  5
xix ,  1
legs ,  2
bitter ,  1
listen ,  4
rewards ,  1
frowned ,  1
stake ,  1
wisdom ,  1
motionless ,  1
positively ,  4
showed ,  7
coward ,  3
anniversaries ,  1
tree ,  6
nations ,  1
shower ,  2
exclaimed ,  26
sheen ,  2
feeling ,  22
affairs ,  1
wholesome ,  1
responsible ,  1
causing ,  2
absorbed ,  2
defiantly ,  1
doors ,  8
shall ,  111
object ,  12
toil ,  1
mouth ,  6
reverence ,  17
morality ,  1
episode ,  1
camp ,  1
complexities ,  1
dacca ,  1
mating ,  1
came ,  111
saying ,  32
insects ,  1
meetings ,  3
lessons ,  2
apace ,  1
touches ,  2
busy ,  16
mens ,  2
bush ,  2
bliss ,  1
touched ,  18
rich ,  1
foolishly ,  1
rice ,  6
plate ,  2
stammered ,  1
terrors ,  2
perpetrating ,  1
pocket ,  6
altogether ,  8
relish ,  1
looting ,  1
nicely ,  2
reposes ,  1
patch ,  1
eyelids ,  1
hasten ,  1
mussulman ,  4
disaster ,  2
fair ,  4
result ,  9
fail ,  11
fain ,  2
resigned ,  1
hammer ,  1
best ,  18
pricking ,  1
playfulness ,  1
lots ,  2
rings ,  1
solicitude ,  1
xvi ,  2
scorn ,  3
preserve ,  1
letting ,  4
men ,  86
nature ,  39
rolled ,  2
twinkling ,  1
extent ,  3
debt ,  4
tyranny ,  7
accident ,  2
refinement ,  2
country ,  127
himalayas ,  1
incense ,  1
estates ,  11
logic ,  1
argue ,  6
tinge ,  1
asked ,  58
untruths ,  3
vain ,  5
humming ,  2
grazing ,  2
startles ,  1
triviality ,  1
union ,  6
remained ,  16
fro ,  1
much ,  55
life ,  135
worker ,  1
wish ,  9
lift ,  1
regaled ,  1
child ,  14
chill ,  1
commerce ,  2
anklets ,  1
employ ,  2
pleads ,  1
viii ,  3
played ,  4
obeying ,  1
player ,  1
eighteen ,  1
trusted ,  3
things ,  56
woollen ,  3
harmony ,  2
emphatic ,  1
european ,  6
permit ,  1
marched ,  1
supper ,  1
tune ,  7
intrusion ,  1
peremptory ,  1
askance ,  1
maxims ,  1
echoed ,  1
milliner ,  1
opinions ,  1
recoils ,  1
boyhood ,  1
distribute ,  1
boatmen ,  1
disguise ,  4
sovereigns ,  7
plight ,  3
rushing ,  2
succeeding ,  1
enters ,  1
craning ,  1
ease ,  2
had ,  2
girding ,  2
innocent ,  7
nikhils ,  26
abashed ,  2
municipal ,  1
elders ,  1
possible ,  13
awhile ,  2
possibly ,  8
indicative ,  1
birth ,  6
shadow ,  9
replace ,  1
desire ,  25
psychological ,  1
steps ,  10
battlefield ,  1
right ,  42
old ,  41
jackets ,  1
crowd ,  9
people ,  27
crown ,  4
captive ,  1
enemies ,  2
sociology ,  1
bottom ,  14
creative ,  1
summoned ,  1
vidyavagish ,  1
defensive ,  1
losing ,  5
reviled ,  1
caskets ,  1
shaken ,  1
transcends ,  1
visitors ,  1
o ,  20
despair ,  1
suggestions ,  1
raised ,  5
watering ,  2
shopkeepers ,  1
son ,  5
respectable ,  1
raises ,  2
shoots ,  2
despised ,  4
waits ,  1
support ,  3
constantly ,  3
tame ,  1
greatness ,  3
overhead ,  1
halls ,  1
happy ,  5
perfumes ,  1
offer ,  15
fascination ,  3
conclusively ,  1
oil ,  2
onlooker ,  1
silliness ,  1
rippling ,  2
extremity ,  1
inside ,  10
palm ,  1
later ,  12
proved ,  3
crumble ,  1
soothe ,  1
protested ,  5
floor ,  10
crowns ,  1
uttered ,  3
flood ,  12
upanishads ,  1
desecrate ,  1
momentary ,  1
hurled ,  1
palms ,  1
acquaintance ,  2
rolling ,  2
sanctions ,  1
lithesomeness ,  1
beamed ,  1
time ,  149
push ,  2
overturned ,  1
chain ,  2
eternally ,  1
disrepute ,  1
chair ,  7
primeval ,  2
schoolboys ,  1
rousing ,  1
moulded ,  1
bribed ,  2
choice ,  2
fees ,  1
votary ,  1
bustle ,  1
stays ,  1
fullest ,  1
fretting ,  2
exact ,  2
minute ,  5
tear ,  3
leave ,  33
solved ,  1
settle ,  1
loads ,  1
dismally ,  1
bonfire ,  1
prevent ,  7
spiritual ,  2
blade ,  1
meadow ,  1
sigh ,  4
sign ,  9
rajahs ,  3
superstructure ,  1
celebrated ,  1
realizing ,  3
melt ,  1
current ,  6
falling ,  1
ground ,  12
honour ,  2
funeral ,  2
plucking ,  3
understanding ,  8
address ,  1
alone ,  36
along ,  20
shamelessness ,  1
brilliant ,  2
wherever ,  1
studies ,  1
concealed ,  2
tasks ,  3
love ,  59
worldliness ,  1
prefer ,  1
logical ,  1
obstinacy ,  1
red ,  14
crammed ,  1
working ,  3
angry ,  14
tightly ,  1
cherished ,  5
wondering ,  4
scope ,  1
loving ,  5
afford ,  3
apparent ,  1
refrain ,  5
visual ,  1
everywhere ,  1
virtue ,  1
riders ,  1
valued ,  1
pretend ,  2
believes ,  1
flannels ,  1
values ,  1
believed ,  4
mirrors ,  3
unveiled ,  1
allowed ,  7
stole ,  1
evidently ,  1
uncles ,  2
divided ,  2
enchantress ,  1
slams ,  1
elephant ,  1
snaps ,  1
coming ,  20
begging ,  1
spot ,  2
date ,  1
revealed ,  2
natural ,  8
varieties ,  1
conscious ,  4
bluster ,  1
ordinarily ,  2
darkened ,  2
so ,  1
dreamland ,  2
tutoring ,  1
scents ,  1
drunken ,  2
privation ,  3
differences ,  2
years ,  20
course ,  17
incapacity ,  1
quarrelled ,  1
deity ,  3
tore ,  2
limbs ,  3
infirmities ,  1
torn ,  5
troubles ,  4
attraction ,  6
creations ,  1
suspicion ,  2
thump ,  1
troubled ,  1
mused ,  2
bashful ,  1
indigenous ,  2
records ,  1
overpowering ,  1
epithets ,  1
shouted ,  5
wrote ,  1
establishing ,  1
veins ,  4
cropping ,  1
retrieve ,  1
bursting ,  2
beloved ,  8
owing ,  1
mussulmans ,  10
flutes ,  1
unsoiled ,  1
seriously ,  2
investigation ,  2
jayadeva ,  1
ascendant ,  1
worthiness ,  1
million ,  1
possibility ,  1
quite ,  32
inwardly ,  7
intensely ,  1
poems ,  1
seventy ,  1
workmanship ,  1
modest ,  1
disguises ,  1
enkindle ,  1
neglect ,  4
jumbled ,  1
intuition ,  1
saving ,  2
reveals ,  1
spoken ,  2
one ,  209
open ,  25
exaggerations ,  2
wrath ,  5
bhagavadgita ,  1
shiver ,  1
begotten ,  1
lingering ,  5
vapours ,  1
shawl ,  6
snatch ,  6
veers ,  1
representing ,  1
meteors ,  2
folly ,  1
future ,  6
simmering ,  1
wandering ,  6
russia ,  1
prospect ,  1
illness ,  1
turned ,  29
argument ,  12
jewels ,  23
sad ,  1
say ,  67
lurking ,  2
saw ,  28
sat ,  14
knead ,  2
downwards ,  2
aside ,  6
note ,  5
take ,  83
destroy ,  8
opposite ,  2
knew ,  32
printed ,  1
knee ,  1
pages ,  6
constable ,  1
drive ,  3
ways ,  6
salt ,  7
trembled ,  2
laws ,  14
intoxicate ,  1
walking ,  3
marshalled ,  1
lotus ,  5
imagines ,  1
merit ,  5
bright ,  1
aggressive ,  1
imagined ,  2
belittled ,  1
slow ,  2
cloak ,  2
tears ,  20
going ,  40
blinds ,  1
dispute ,  1
guarded ,  1
resenting ,  1
rejoices ,  1
outlet ,  1
awaiting ,  3
krishna ,  1
resource ,  1
keenly ,  1
artist ,  2
absurdly ,  2
worried ,  3
priest ,  1
vision ,  14
ghastly ,  1
darjeeling ,  1
raged ,  1
audaciously ,  1
overflowed ,  2
hastened ,  2
aroused ,  1
purest ,  1
intoxicating ,  1
jumped ,  2
affecting ,  1
pitiless ,  2
screen ,  6
charmer ,  1
adept ,  1
spare ,  2
jets ,  1
spark ,  1
suppressed ,  5
oust ,  1
mans ,  17
manu ,  1
avoid ,  3
many ,  30
millionaire ,  1
loudly ,  2
expression ,  1
allowance ,  2
loveliest ,  1
repulse ,  1
twig ,  1
boat ,  11
caring ,  1
companionship ,  4
stretch ,  2
west ,  2
vacation ,  1
breath ,  3
practised ,  2
wants ,  20
influence ,  4
thousand ,  54
formed ,  1
abject ,  1
former ,  3
jute ,  1
pettiness ,  1
pretence ,  5
single ,  7
confidently ,  1
newspaper ,  3
situation ,  1
ive ,  1
twists ,  1
engaged ,  4
zamindars ,  8
nationalism ,  1
lovers ,  1
impetuosity ,  2
inoffensive ,  1
wires ,  1
defy ,  2
births ,  1
edges ,  1
amuck ,  1
intended ,  4
entanglement ,  1
banteringly ,  1
quarrelsomeness ,  1
renunciation ,  2
childlike ,  1
persistently ,  1
summer ,  1
exaggerating ,  1
slime ,  3
rest ,  14
slimy ,  1
fateful ,  2
weekly ,  1
retinue ,  1
joyful ,  1
skies ,  5
around ,  7
dark ,  19
bandage ,  1
transcended ,  1
world ,  120
snare ,  1
vague ,  4
dare ,  8
stranger ,  2
schools ,  1
[10] ,  1
clad ,  2
undermining ,  1
shutter ,  1
superiority ,  2
clay ,  1
obstruct ,  1
shirks ,  1
pervading ,  2
clanged ,  1
divine ,  10
thinks ,  2
scholarships ,  1
memories ,  2
exit ,  1
unsuccessfully ,  1
destroys ,  1
power ,  53
intimate ,  3
deliciously ,  1
sprung ,  1
leadership ,  1
stone ,  4
industry ,  3
meal ,  6
act ,  2
mean ,  12
expectancy ,  1
widowed ,  4
chivalry ,  1
burning ,  17
image ,  20
ineffable ,  1
lively ,  1
accumulated ,  3
dawned ,  2
her ,  3
meals ,  4
futile ,  3
garment ,  1
bubble ,  1
masquerades ,  1
continents ,  1
wits ,  1
fastings ,  1
survived ,  2
lampoons ,  1
with ,  3
buying ,  1
handsome ,  1
pull ,  2
rush ,  4
monopoly ,  1
flirt ,  1
rags ,  1
impute ,  1
dispensing ,  1
agree ,  4
darker ,  2
gone ,  27
gong ,  3
fright ,  1
gratuitous ,  1
exhausted ,  3
certain ,  7
accents ,  1
caustic ,  1
fumbling ,  1
jargon ,  1
tremble ,  2
graduate ,  1
administers ,  1
congress ,  1
forgot ,  2
gifts ,  4
herbs ,  1
pitys ,  1
sobbing ,  2
thorn ,  1
mask ,  1
mass ,  1
sensibility ,  1
original ,  1
consider ,  4
caused ,  1
beware ,  1
mahadevas ,  1
welfare ,  1
collyrium ,  1
causes ,  1
to ,  6
tail ,  2
chewing ,  1
dressing ,  15
smile ,  22
paying ,  1
appointment ,  1
returned ,  8
swallows ,  1
diary ,  2
cunningly ,  1
mirjan ,  3
condition ,  2
accompanying ,  1
laying ,  1
joined ,  5
large ,  6
sang ,  2
small ,  10
sank ,  7
cash ,  3
past ,  12
pass ,  11
hemanss ,  1
destitute ,  2
prevailed ,  1
whirled ,  1
method ,  2
revealing ,  2
dwells ,  1
full ,  33
leaping ,  2
hours ,  4
brutal ,  1
social ,  2
action ,  2
pice ,  2
murdering ,  1
sweetness ,  1
rummaging ,  1
depart ,  3
vii ,  3
follower ,  2
beheld ,  2
coercion ,  2
select ,  1
casket ,  5
enliven ,  1
pears ,  1
implore ,  1
6 ,  1
more ,  3
door ,  30
company ,  6
spoilt ,  1
corrected ,  2
jealousies ,  1
rudeness ,  1
objections ,  1
doom ,  2
fleece ,  1
fatal ,  1
science ,  5
thickest ,  1
learn ,  9
knocked ,  2
thako ,  7
beautiful ,  14
stated ,  3
messages ,  1
neglected ,  1
accept ,  12
autumn ,  5
fiercely ,  1
sense ,  6
disliked ,  1
dress ,  6
sikh ,  1
information ,  1
dazzle ,  1
disconsolate ,  1
imminent ,  1
fruition ,  1
bewailing ,  1
cling ,  1
creature ,  4
waved ,  1
wiles ,  1
plant ,  5
finicking ,  1
lanky ,  1
plans ,  2
mended ,  1
plane ,  1
waves ,  3
declamation ,  1
appealed ,  2
flutter ,  1
refuse ,  5
obstreperous ,  1
resemble ,  1
denude ,  1
irreligious ,  1
fundamental ,  2
helplessly ,  1
replied ,  43
ito ,  7
adorned ,  1
bowl ,  2
trade ,  6
attitude ,  4
paper ,  9
pang ,  3
signs ,  3
smiling ,  1
roots ,  4
imaginings ,  1
rapidly ,  1
bangle ,  1
deeds ,  1
followers ,  4
travelling ,  2
belaud ,  1
propose ,  3
iridescent ,  1
weeds ,  1
sucked ,  1
repartees ,  1
hereafter ,  2
always ,  32
truths ,  4
found ,  43
shocking ,  1
lantern ,  1
begged ,  2
upstairs ,  1
exorcize ,  1
grandmothers ,  1
scolding ,  1
operation ,  1
really ,  29
try ,  26
missed ,  2
misses ,  1
expiation ,  2
darling ,  3
hangers ,  1
highway ,  1
belief ,  7
risen ,  3
drifting ,  2
murmur ,  1
imagine ,  7
rises ,  3
reproach ,  1
looseness ,  1
[12] ,  1
retainer ,  1
delicate ,  2
gazed ,  2
slipped ,  1
dumbfounded ,  1
number ,  5
murmured ,  2
ethereal ,  1
radhika ,  2
guess ,  1
heads ,  6
guest ,  8
threatening ,  4
hallowed ,  1
saint ,  1
xiv ,  2
relationship ,  6
fasting ,  1
lavished ,  1
immediate ,  2
chakua ,  1
consult ,  1
rampant ,  3
grace ,  1
determined ,  2
marriage ,  8
revelling ,  1
fights ,  3
beforehand ,  2
sell ,  10
tarnish ,  1
self ,  20
partings ,  1
also ,  63
play ,  12
nasal ,  1
tryst ,  1
confluence ,  2
wedded ,  1
accepting ,  1
understands ,  1
seize ,  1
puja ,  1
sometimes ,  3
cover ,  5
barred ,  1
artistic ,  1
barren ,  1
recks ,  1
dragged ,  2
despise ,  2
gold ,  24
freight ,  1
baneful ,  1
detaining ,  1
writes ,  1
failed ,  9
indifference ,  1
resent ,  2
banner ,  1
enemy ,  2
sleeve ,  1
tumult ,  1
cry ,  14
proclaim ,  2
surrendering ,  1
tottering ,  2
kill ,  4
peasantry ,  1
river ,  10
approaching ,  2
set ,  34
creator ,  7
kalidas ,  1
sex ,  5
slanting ,  1
see ,  99
ravana ,  1
sea ,  6
outward ,  6
knees ,  1
insidiously ,  1
unrealized ,  1
demons ,  2
topmost ,  1
[2] ,  1
hauteur ,  1
compliment ,  1
knowing ,  8
hardship ,  2
incident ,  2
last ,  39
hint ,  1
hankers ,  2
connection ,  3
crushing ,  3
lash ,  1
let ,  115
inanity ,  1
whole ,  56
load ,  3
loaf ,  1
bell ,  1
smashing ,  1
community ,  2
hollow ,  2
bimalas ,  25
adjoining ,  1
church ,  1
indefinite ,  1
worthless ,  1
devil ,  1
palace ,  4
acceptance ,  3
instalment ,  1
initiation ,  1
firm ,  4
resting ,  1
champion ,  1
silenced ,  1
fire ,  37
mildness ,  1
dacoity ,  1
fund ,  1
races ,  1
awake ,  3
representative ,  2
towns ,  1
hardness ,  1
caged ,  1
straight ,  18
admire ,  1
forgetting ,  3
extorting ,  1
pressed ,  5
error ,  1
real ,  32
hoping ,  1
vow ,  9
beautifully ,  1
vanish ,  2
chase ,  1
starlight ,  1
choking ,  1
consolations ,  1
seek ,  10
rules ,  1
ledgers ,  1
pecking ,  1
forgiveness ,  1
leapt ,  2
leaps ,  1
necessity ,  3
person ,  13
clasped ,  4
lads ,  1
plagued ,  1
unto ,  1
sandal ,  1
eager ,  3
parents ,  2
crying ,  5
reverted ,  1
surprised ,  6
clutches ,  3
demands ,  2
couple ,  1
wives ,  2
suffering ,  6
quest ,  6
towel ,  1
formal ,  2
imposed ,  3
d ,  1
chorus ,  1
continue ,  5
turvy ,  1
irresistibly ,  1
methods ,  4
spring ,  3
chakravarti ,  4
mighty ,  4
pall ,  1
sight ,  23
fools ,  1
kasim ,  10
curious ,  8
pale ,  4
indigent ,  1
irresistible ,  3
wresting ,  1
staple ,  1
religion ,  9
behave ,  1
welling ,  2
seclusion ,  2
temple ,  8
ba ,  2
chrysanthemums ,  3
obscures ,  1
agreement ,  1
nowhere ,  4
relating ,  1
anything ,  16
reverberated ,  1
exaggerated ,  2
deserves ,  1
repair ,  1
letter ,  7
appropriate ,  1
joking ,  1
eleven ,  2
exposed ,  1
submit ,  3
custom ,  6
occupy ,  1
suit ,  4
considerably ,  4
impudent ,  1
vowing ,  1
line ,  7
peeped ,  1
[14] ,  1
us ,  109
slander ,  1
customers ,  1
faded ,  2
medical ,  1
insignia ,  1
nationalist ,  1
raging ,  5
likewise ,  5
unsafe ,  1
surpassing ,  1
brahmins ,  5
chat ,  1
concealment ,  1
phantom ,  2
retrace ,  1
invalid ,  1
definitely ,  1
tars ,  1
sails ,  1
elements ,  1
wrongly ,  1
vantage ,  1
sides ,  1
ago ,  18
land ,  15
reasoned ,  1
rescued ,  1
holes ,  1
walked ,  5
walker ,  1
fresh ,  7
holed ,  1
code ,  2
treasuries ,  2
effigy ,  2
results ,  4
illustrated ,  1
arranging ,  1
stops ,  1
dainty ,  1
seemed ,  61
concerned ,  2
young ,  14
send ,  26
debarred ,  1
tremor ,  3
sent ,  34
garden ,  10
torture ,  2
panting ,  2
abduction ,  2
decorating ,  2
continued ,  22
wipe ,  1
magic ,  10
marry ,  1
inelegant ,  1
freed ,  2
rack ,  4
sown ,  1
crook ,  1
odd ,  1
business ,  11
apparatus ,  1
shivers ,  1
expressed ,  1
indian ,  17
flowing ,  1
bird ,  4
led ,  5
leg ,  2
bimala ,  88
poverty ,  4
octave ,  1
bimals ,  2
physiology ,  1
great ,  51
engage ,  1
receive ,  7
unwittingly ,  1
resulting ,  1
defeat ,  11
opinion ,  2
residents ,  1
makes ,  19
thats ,  2
sixty ,  1
counsels ,  1
tools ,  2
standing ,  12
confidence ,  4
pawn ,  1
next ,  27
[4] ,  1
doubt ,  6
bonds ,  9
forefathers ,  1
midday ,  1
pencil ,  2
occurred ,  2
bodily ,  1
finery ,  1
carrying ,  3
babu ,  78
rubbish ,  1
charity ,  2
retreated ,  1
this ,  1
pour ,  4
prompts ,  1
thin ,  2
scatter ,  1
murmuring ,  1
slid ,  1
weaker ,  1
bent ,  5
reeds ,  1
process ,  5
lock ,  1
slim ,  1
rode ,  1
pieces ,  5
high ,  8
nears ,  1
bend ,  1
slip ,  7
martyr ,  1
trumpet ,  1
destroying ,  3
wares ,  1
struggling ,  5
delay ,  5
procured ,  1
animal ,  3
clasping ,  1
durga ,  4
overridden ,  1
await ,  1
tied ,  8
halted ,  1
preferring ,  1
ties ,  5
realized ,  10
counter ,  1
element ,  2
allow ,  16
alloy ,  1
mute ,  2
move ,  12
produced ,  3
perfect ,  5
decay ,  1
chosen ,  3
strewed ,  1
meantime ,  3
thieves ,  2
hobby ,  1
python ,  1
snaky ,  1
snake ,  6
kiss ,  2
cage ,  6
realize ,  23
traced ,  2
whither ,  2
truth ,  72
accompanied ,  1
beneath ,  5
glasses ,  1
society ,  7
books ,  10
irritation ,  1
jagged ,  1
agriculture ,  1
wander ,  1
witness ,  9
house ,  59
nowadays ,  6
dismissal ,  1
favours ,  1
shut ,  12
perish ,  2
incalculable ,  1
greedy ,  6
surely ,  4
collection ,  1
tempt ,  1
thrust ,  5
indra ,  1
hindus ,  1
length ,  11
staggered ,  1
blown ,  2
scene ,  4
straining ,  3
carousals ,  1
waterspout ,  1
scent ,  2
buoyed ,  1
scamping ,  1
festival ,  1
traveller ,  1
system ,  1
bauhinia ,  1
decorations ,  1
travelled ,  2
behaved ,  1
malady ,  1
stomach ,  2
stars ,  12
quarry ,  1
colleagues ,  2
steed ,  6
bother ,  1
extraordinarily ,  2
psalm ,  1
sooner ,  5
torrent ,  2
devotion ,  14
false ,  13
beggar ,  1
trusting ,  2
gently ,  5
reassuring ,  1
tonight ,  6
gentle ,  3
affinities ,  1
[16] ,  1
clearly ,  10
viewed ,  2
amphibious ,  1
dishes ,  1
mills ,  1
adjunct ,  1
astride ,  1
babes ,  1
ganges ,  5
triumphal ,  1
lily ,  1
soap ,  1
tyrannical ,  1
petals ,  1
courtesy ,  1
vultures ,  1
stronger ,  1
face ,  61
demurely ,  1
wounded ,  4
fact ,  16
atmosphere ,  2
sail ,  1
vacancy ,  2
bring ,  28
manchester ,  1
bedroom ,  13
rough ,  1
trivial ,  1
brink ,  2
principal ,  2
pause ,  8
entangling ,  1
jar ,  1
planted ,  1
printers ,  1
hope ,  7
meant ,  9
disprove ,  1
listened ,  1
means ,  16
familiar ,  5
muttering ,  3
lucky ,  1
listener ,  1
wring ,  1
shaping ,  2
smash ,  1
summon ,  1
stuff ,  5
frame ,  2
edition ,  1
packed ,  3
coils ,  1
destiny ,  3
insulting ,  1
injustice ,  7
pistol ,  7
ends ,  4
courtyard ,  1
staring ,  4
figured ,  1
drum ,  2
invited ,  3
harish ,  13
doorway ,  2
streams ,  1
rama ,  1
co ,  1
evasively ,  1
whispering ,  1
undergraduate ,  1
bankim ,  2
shudder ,  1
outsider ,  1
poured ,  2
waste ,  7
recurring ,  1
pity ,  8
lawlessness ,  1
banish ,  2
basket ,  1
ultra ,  1
agonized ,  1
stuffing ,  1
ripe ,  1
sita ,  2
excessively ,  1
demanded ,  3
sits ,  3
impervious ,  1
glared ,  1
denial ,  1
[6] ,  1
digging ,  1
ball ,  1
dusk ,  1
bale ,  2
bald ,  1
upon ,  42
dust ,  33
genus ,  1
fascinate ,  1
colour ,  5
sweetmeat ,  1
command ,  7
drawing ,  7
devilry ,  1
bothering ,  1
lest ,  10
flesh ,  9
moments ,  4
swords ,  1
rambled ,  1
rooms ,  6
generous ,  2
toyed ,  1
wet ,  2
practise ,  3
scoundrel ,  1
government ,  5
flimsiness ,  1
increases ,  1
five ,  24
enemys ,  1
earthen ,  3
bigotry ,  1
imprison ,  1
become ,  47
underwent ,  1
thief ,  15
immortal ,  3
loaded ,  2
recognition ,  1
bedding ,  1
shone ,  4
doer ,  1
passion ,  25
forgiven ,  1
hoarded ,  2
biology ,  1
selecting ,  1
pressure ,  5
imaginary ,  3
adversary ,  1
stage ,  3
gained ,  6
sister ,  83
parley ,  1
seeds ,  1
blackness ,  2
seedy ,  1
swimming ,  1
letters ,  6
unquestioning ,  1
sharpness ,  1
screamed ,  1
erect ,  1
roads ,  2
charities ,  1
mere ,  22
disapproval ,  2
startled ,  6
troubling ,  4
naturally ,  4
function ,  1
yarns ,  1
count ,  4
places ,  3
official ,  1
triumphant ,  2
excitement ,  13
placed ,  6
intangible ,  1
enthrone ,  1
ekram ,  1
problem ,  4
profusion ,  2
bearing ,  2
rightly ,  4
recognize ,  5
ink ,  2
nursed ,  1
planting ,  1
renowned ,  1
compared ,  1
deadly ,  1
saviour ,  1
details ,  1
behold ,  2
incorrigible ,  3
illusion ,  6
dismiss ,  2
oppression ,  3
chance ,  3
pacify ,  1
veil ,  11
vein ,  2
inspiration ,  2
ghost ,  4
searcher ,  1
frightfully ,  1
rule ,  4
gardens ,  1
doubts ,  3
[18] ,  1
saved ,  10
adorning ,  1
lopped ,  1
regal ,  1
plaintive ,  1
worth ,  9
frowns ,  1
lack ,  8
sellers ,  1
exaggerate ,  2
announced ,  2
crookedness ,  1
triumph ,  2
speck ,  1
horn ,  1
preacher ,  1
rigorous ,  2
contemn ,  2
established ,  2
gentlefolk ,  1
quietly ,  1
told ,  26
notions ,  1
festive ,  3
bookcase ,  1
pursuit ,  1
cajolery ,  1
celebration ,  4
obtained ,  1
daughter ,  4
smoke ,  1
glittering ,  1
secure ,  2
angrily ,  1
highly ,  2
glance ,  8
devastation ,  2
coins ,  4
bundles ,  5
insult ,  8
abusing ,  1
plenitude ,  1
reign ,  2
aware ,  9
continual ,  1
word ,  27
wore ,  2
unfailing ,  1
work ,  47
refusing ,  1
worn ,  4
groves ,  1
era ,  1
noren ,  2
ascetic ,  5
radiance ,  7
quiver ,  3
serpent ,  1
quivering ,  2
mataram ,  38
flung ,  8
india ,  5
recovery ,  1
farce ,  1
agony ,  2
nuts ,  4
boats ,  1
ordinary ,  7
fever ,  2
lad ,  2
customs ,  2
lay ,  15
law ,  50
lap ,  2
hasty ,  1
egged ,  1
greek ,  1
green ,  5
fan ,  3
order ,  16
greed ,  12
minded ,  5
modesty ,  4
office ,  7
devote ,  1
satisfied ,  3
ticket ,  1
[8] ,  1
somewhere ,  6
tinkle ,  4
bespeak ,  1
precipitate ,  1
then ,  1
affected ,  3
safe ,  20
break ,  11
band ,  5
they ,  2
lifelong ,  2
bank ,  15
bread ,  1
slavery ,  3
rocks ,  1
reasonable ,  2
cashmere ,  1
bells ,  1
lifted ,  3
logs ,  1
flock ,  2
surpassingly ,  1
spicing ,  1
network ,  2
forty ,  1
vessels ,  3
fellows ,  2
medicine ,  2
forth ,  10
pointsmen ,  1
barrier ,  1
standard ,  4
forcibly ,  2
created ,  12
creates ,  2
renew ,  1
footsteps ,  8
stripling ,  1
truthfulness ,  1
render ,  3
blossomed ,  1
another ,  30
thick ,  3
tangle ,  1
plentiful ,  1
compromise ,  1
airy ,  1
totter ,  1
paltry ,  2
conscientiousness ,  1
wasted ,  1
mercy ,  4
stupendous ,  3
scenes ,  2
seated ,  7
glorifies ,  1
splendidly ,  2
guilt ,  1
iron ,  12
contrasted ,  1
powers ,  2
interests ,  1
youre ,  1
return ,  20
manner ,  9
accompany ,  1
ponder ,  1
strength ,  28
genuine ,  3
laden ,  4
convenient ,  1
casual ,  1
materials ,  1
quieted ,  1
luxury ,  2
forces ,  5
thundering ,  1
crinkled ,  2
butted ,  1
lucre ,  1
germany ,  1
phase ,  1
hesitation ,  8
grave ,  3
overweeningly ,  1
calculated ,  1
aunt ,  6
deeply ,  2
notion ,  1
fitted ,  1
reserve ,  2
subtly ,  1
subtle ,  1
latent ,  1
painfully ,  1
guidance ,  1
pursuing ,  1
personality ,  2
hussys ,  1
railings ,  1
leisure ,  2
degradation ,  1
exulting ,  1
vividly ,  1
unworthily ,  1
headlong ,  1
monologues ,  1
runs ,  2
covering ,  5
exchanged ,  1
unshakeable ,  1
steal ,  7
steam ,  1
scrubbed ,  1
observed ,  3
checks ,  1
discussions ,  1
miserable ,  1
diffidence ,  3
draws ,  1
shakti ,  12
away ,  118
gentleman ,  3
unable ,  9
impending ,  2
props ,  1
drawn ,  4
accord ,  1
terms ,  2
admiring ,  1
aught ,  1
[21] ,  1
succumbs ,  1
unfold ,  1
visited ,  3
received ,  11
cow ,  3
ill ,  6
misunderstand ,  1
receives ,  3
receiver ,  1
requests ,  1
disappears ,  1
tough ,  1
character ,  5
excess ,  1
cadences ,  1
speak ,  9
gratitude ,  1
petty ,  6
warmth ,  1
duties ,  10
families ,  1
easy ,  11
attacked ,  1
coherent ,  1
armoury ,  1
gracious ,  1
ahead ,  4
air ,  12
aim ,  2
property ,  1
mistake ,  7
crowning ,  1
discourses ,  1
deities ,  2
marksmanship ,  1
tissue ,  1
pavements ,  1
perform ,  1
deepens ,  2
descend ,  2
accumulating ,  3
monarch ,  1
convictions ,  1
pandit ,  1
raid ,  2
fuss ,  1
rail ,  1
evil ,  10
hand ,  49
palpable ,  2
nip ,  1
kept ,  43
thy ,  1
humble ,  2
taint ,  1
centres ,  1
sullenly ,  1
the ,  5
musical ,  1
traditions ,  3
quoted ,  1
photo ,  2
dignify ,  1
victim ,  1
chided ,  1
hills ,  1
passive ,  1
tyrannize ,  3
shout ,  2
spread ,  9
transformed ,  1
board ,  1
righteous ,  1
emphasis ,  1
mocked ,  2
boxes ,  7
retreat ,  4
night ,  44
invaluable ,  1
security ,  2
starvation ,  1
cooled ,  1
flatter ,  2
panchu ,  33
born ,  17
flatten ,  1
bore ,  1
orchid ,  3
denies ,  1
asking ,  1
honoured ,  2
denied ,  2
beating ,  5
pose ,  1
ply ,  1
untiringly ,  2
graduated ,  1
banked ,  1
newspapers ,  2
months ,  2
accepts ,  1
horizon ,  4
cherish ,  1
tonights ,  1
treble ,  1
mantle ,  1
wasting ,  1
float ,  1
bound ,  7
balances ,  1
rendering ,  1
amidst ,  1
deception ,  3
fight ,  5
way ,  78
wax ,  1
was ,  3
war ,  3
lowest ,  1
becoming ,  6
converse ,  1
forgetful ,  1
vitality ,  1
maxim ,  1
mysterious ,  1
true ,  56
absent ,  5
feelingless ,  1
veiled ,  1
markets ,  2
ancestral ,  1
crystal ,  2
anew ,  3
coverings ,  1
prayed ,  2
unharnessed ,  1
[7] ,  1
howling ,  1
xiii ,  2
promised ,  2
prayer ,  3
20 ,  1
physical ,  2
weakened ,  2
disloyal ,  1
reality ,  19
shrine ,  3
holding ,  6
test ,  2
unwilling ,  1
shrink ,  2
scored ,  1
brothers ,  10
welcome ,  2
dissipation ,  3
cheated ,  1
bestowed ,  2
domination ,  3
together ,  16
reception ,  2
songs ,  4
impulse ,  5
dance ,  6
indecently ,  1
wakeful ,  1
horseback ,  1
disturbance ,  1
grateful ,  1
sandip ,  220
battle ,  1
idealism ,  3
devotee ,  4
certainly ,  1
mounted ,  1
flash ,  5
ejaculated ,  2
watchmen ,  1
rhythm ,  2
terror ,  2
quilts ,  1
feebly ,  1
seemingly ,  1
anonymous ,  1
trouble ,  24
fragile ,  1
indras ,  2
evades ,  1
woven ,  2
upper ,  1
brave ,  1
regret ,  1
regained ,  1
discover ,  2
cost ,  11
helpless ,  2
curse ,  4
appear ,  3
havoc ,  1
chota ,  22
shared ,  1
appeal ,  2
satisfy ,  1
supporting ,  1
basketful ,  1
muslin ,  1
peeled ,  1
lustrous ,  1
gorge ,  1
roaring ,  1
teaches ,  1
teacher ,  2
change ,  13
sending ,  5
flames ,  1
impatiently ,  4
eke ,  1
flamed ,  2
patriotic ,  2
pillow ,  1
nikhil ,  73
retired ,  3
extra ,  2
lending ,  1
paragon ,  1
marked ,  2
bullock ,  1
stings ,  1
illumination ,  1
rarely ,  1
market ,  14
prove ,  5
symbolizes ,  1
live ,  17
wonderfully ,  2
ripening ,  1
angels ,  1
club ,  1
repentance ,  2
envelope ,  2
clue ,  1
throbbed ,  1
commissioned ,  1
hesitated ,  5
[23] ,  1
organizations ,  1
decked ,  1
car ,  1
chastise ,  1
hardest ,  1
gathers ,  1
can ,  153
heart ,  97
dedicated ,  3
paused ,  1
heard ,  19
dacoities ,  1
purity ,  2
clothing ,  1
restitution ,  1
bankrupt ,  1
fuming ,  1
discussion ,  5
spreads ,  1
write ,  4
retorted ,  6
economy ,  1
product ,  2
sacrifice ,  7
disgusted ,  1
produce ,  2
pave ,  2
flourish ,  2
lifting ,  1
remember ,  14
grandson ,  2
whenever ,  13
typical ,  1
serving ,  2
indeed ,  28
nanku ,  6
brain ,  2
spurning ,  1
nefarious ,  1
whats ,  1
cold ,  3
still ,  49
birds ,  2
trifle ,  2
tending ,  1
acknowledge ,  4
conquerors ,  1
inflicted ,  1
forms ,  1
window ,  14
showered ,  1
chattering ,  3
nom ,  1
non ,  1
halt ,  1
fling ,  6
introduce ,  1
half ,  7
not ,  1
now ,  122
provision ,  2
hall ,  1
galloping ,  2
wont ,  4
fumes ,  2
servant ,  11
drop ,  3
deify ,  1
ceremonially ,  1
outrageously ,  1
entirely ,  2
vexation ,  2
mould ,  4
domain ,  1
prompted ,  1
anodynes ,  1
hurried ,  6
avidity ,  1
fires ,  1
year ,  15
hurries ,  1
happen ,  10
pills ,  1
amusement ,  1
opened ,  9
space ,  7
thirst ,  1
hastily ,  2
looking ,  21
tingle ,  1
tunefulness ,  1
receiving ,  2
happenings ,  2
shows ,  7
cart ,  1
obligation ,  2
care ,  19
vestige ,  1
contemplation ,  1
vehemently ,  1
british ,  1
honest ,  1
fetters ,  3
parashar ,  1
invitation ,  2
entrusted ,  1
suffice ,  1
blind ,  2
xi ,  2
xx ,  1
directly ,  2
impossible ,  11
message ,  3
drove ,  1
xv ,  2
tomorrow ,  20
impetuous ,  2
sheer ,  5
sheet ,  1
silent ,  19
zamindar ,  7
lightened ,  2
callous ,  2
households ,  1
victorious ,  3
tragic ,  1
friend ,  4
artless ,  1
fleshly ,  3
pomp ,  1
that ,  1
thieving ,  1
expanse ,  1
obstinately ,  1
flowers ,  9
appreciated ,  1
accordance ,  1
trappings ,  1
retracing ,  1
fruits ,  2
angel ,  2
slay ,  1
distorted ,  1
anger ,  4
recover ,  4
publicity ,  1
offering ,  10
lumps ,  1
nuances ,  1
objective ,  1
swelled ,  2
begin ,  5
prick ,  1
price ,  4
banks ,  5
successive ,  1
forever ,  1
garments ,  1
saintliness ,  1
mrs ,  1
sunset ,  2
slaves ,  1
professional ,  1
foaming ,  1
german ,  1
fifty ,  10
discovered ,  5
fifth ,  1
geography ,  1
sinks ,  1
title ,  3
shrill ,  1
pumpkin ,  1
kaviratna ,  1
truly ,  16
fortifications ,  1
bracelets ,  1
pestilential ,  1
honours ,  1
revulsion ,  2
bartering ,  1
husband ,  120
burst ,  12
fanned ,  2
famine ,  1
asleep ,  6
foppery ,  1
concern ,  1
suspects ,  1
fascinated ,  2
colours ,  5
3 ,  1
complexion ,  1
import ,  1
justified ,  1
notice ,  2
pluck ,  1
blame ,  5
unbending ,  1
chatterjee ,  1
article ,  1
cleave ,  1
pray ,  6
deputed ,  1
comet ,  1
wheels ,  2
comes ,  29
madness ,  2
fencers ,  1
disgrace ,  2
actually ,  7
muttered ,  1
punishes ,  1
cares ,  2
informed ,  3
mongers ,  1
dangers ,  2
astonish ,  1
purdah ,  2
wounds ,  4
language ,  3
suspected ,  5
realities ,  3
coquetry ,  1
developing ,  1
trick ,  1
cultivator ,  1
joke ,  1
dregs ,  2
soil ,  6
[27] ,  1
embrace ,  1
raptures ,  1
commanded ,  1
thrills ,  1
worry ,  4
pester ,  1
sugared ,  1
food ,  10
epoch ,  1
inquiry ,  2
noble ,  1
finish ,  7
thunderbolt ,  3
centuries ,  2
enjoyment ,  1
foam ,  4
[25] ,  1
fruit ,  10
vaishnava ,  5
nobly ,  1
complained ,  2
bondage ,  4
breeze ,  1
immeasurable ,  1
fidgeted ,  1
charged ,  3
armour ,  2
valuable ,  2
shouts ,  1
sweeping ,  3
growled ,  1
touch ,  29
tirade ,  1
death ,  45
legitimately ,  1
thinking ,  17
starlings ,  1
verse ,  1
warms ,  1
versa ,  1
disputing ,  1
struck ,  9
trinkets ,  1
read ,  20
early ,  11
earnest ,  1
listening ,  1
lady ,  4
hovel ,  1
ruled ,  1
fortune ,  6
utterances ,  1
greeting ,  2
miracle ,  1
latters ,  1
benefit ,  2
xviii ,  1
ceremonial ,  1
twelve ,  2
falsehood ,  2
apartments ,  10
passions ,  1
chatterjees ,  1
cleansed ,  1
assembly ,  2
dejection ,  1
strained ,  1
innocence ,  2
assemble ,  1
partiality ,  1
throw ,  4
fondness ,  4
hampers ,  1
friendship ,  3
boldly ,  1
journey ,  8
greatly ,  4
stratagem ,  2
protests ,  3
unbounded ,  1
persecution ,  1
verily ,  1
shrinking ,  2
stare ,  2
log ,  2
removing ,  1
start ,  9
unreliability ,  1
low ,  7
lot ,  5
groan ,  1
curiously ,  2
cottage ,  2
pitched ,  1
trying ,  23
perversities ,  1
sadness ,  1
tones ,  3
beliefs ,  1
subdue ,  1
moved ,  3
moves ,  2
cabinets ,  1
selfishly ,  1
thither ,  1
trample ,  1
evenings ,  1
instantly ,  1
you ,  19
poor ,  29
desolation ,  2
drift ,  2
disclosed ,  1
peal ,  1
suited ,  2
pool ,  1
building ,  1
chaffed ,  1
moonlight ,  1
pluvius ,  1
repay ,  1
profits ,  2
prying ,  2
strings ,  1
surrounded ,  2
skeleton ,  1
pointing ,  1
month ,  4
ceased ,  6
religious ,  3
dreadful ,  1
pledged ,  1
safety ,  1
passivity ,  1
confidential ,  1
very ,  2
horror ,  1
coloured ,  3
invent ,  4
heaven ,  8
heaved ,  1
guileless ,  1
mild ,  1
prohibitions ,  1
wearer ,  1
throbbing ,  1
streets ,  1
enfeeble ,  1
idolatry ,  1
conscience ,  5
darkness ,  15
consumers ,  1
scorching ,  1
steadying ,  1
witnesses ,  2
turmoil ,  2
loose ,  5
tracks ,  1
trunk ,  4
praises ,  1
strong ,  11
interposed ,  5
conviction ,  2
losses ,  1
fired ,  2
amount ,  1
partaken ,  1
helps ,  1
family ,  12
swadeshi ,  23
ask ,  13
aimed ,  1
conventional ,  1
takes ,  10
injure ,  1
vi ,  3
taken ,  35
cannibalism ,  1
lowering ,  1
musingly ,  1
excuse ,  2
deigned ,  1
broke ,  9
hurry ,  2
helped ,  3
offender ,  1
breezes ,  1
pawns ,  1
abnegation ,  1
nine ,  13
thumped ,  1
spontaneous ,  1
history ,  18
transcend ,  1
stinging ,  1
boycott ,  1
pushed ,  4
fillies ,  1
revelry ,  1
cows ,  2
phrase ,  1
weakening ,  2
species ,  1
firmly ,  1
stayed ,  2
surpassed ,  1
tried ,  13
rude ,  2
unashamed ,  5
finality ,  1
humbug ,  1
undergo ,  1
mantram ,  1
dread ,  2
wreaking ,  1
dream ,  9
remnants ,  1
help ,  20
soon ,  16
held ,  15
staunch ,  2
fined ,  2
solving ,  1
reluctance ,  1
fruitful ,  1
absence ,  2
systems ,  1
differed ,  1
rabble ,  1
fines ,  1
forbear ,  1
evening ,  17
groping ,  1
nestled ,  1
motherless ,  1
moaning ,  1
foot ,  10
desperately ,  2
imprisoned ,  1
fully ,  7
bless ,  2
stopped ,  7
fairy ,  2
heavy ,  4
jaws ,  2
exasperated ,  2
bickering ,  1
punitive ,  1
talisman ,  1
beyond ,  16
heave ,  1
event ,  1
veneration ,  1
miss ,  13
since ,  27
fountain ,  3
7 ,  1
shrivel ,  1
harbours ,  1
drink ,  9
bass ,  1
dirt ,  1
houses ,  2
reason ,  21
base ,  1
put ,  44
unbecoming ,  2
launch ,  1
terrible ,  14
bridegroom ,  2
terribly ,  2
american ,  1
blush ,  3
assign ,  1
beggary ,  2
merry ,  1
buffaloes ,  2
knocking ,  2
reflected ,  4
elder ,  6
unexpected ,  3
mist ,  5
visions ,  1
horse ,  1
blossom ,  2
interwoven ,  1
eddy ,  1
station ,  1
hundred ,  11
banana ,  1
shifted ,  1
selling ,  4
storm ,  13
cartridges ,  1
blindly ,  1
inventing ,  1
translation ,  1
grew ,  3
tunic ,  3
lament ,  1
miseries ,  1
purposeless ,  1
bride ,  3
recovered ,  1
crescent ,  1
deciding ,  1
withered ,  2
urgently ,  2
alongside ,  1
juice ,  2
substantial ,  1
lie ,  9
adrift ,  1
trance ,  1
flaming ,  2
officers ,  3
sordid ,  1
lit ,  2
useless ,  2
comprehended ,  1
towards ,  30
plunder ,  2
unthought ,  1
eaten ,  1
clear ,  23
broadened ,  1
clean ,  4
usual ,  3
flicker ,  1
heavens ,  1
justice ,  3
less ,  4
surveyed ,  1
ensconced ,  1
officials ,  3
albeit ,  2
trees ,  8
famous ,  1
feels ,  6
pretending ,  1
alexander ,  2
sacrificed ,  1
perfume ,  1
sacrifices ,  5
gathered ,  3
x ,  3
patriotism ,  5
throwing ,  1
xxiii ,  1
plough ,  1
hesitating ,  2
rankling ,  1
close ,  3
horrid ,  1
pictures ,  2
familiarity ,  1
won ,  7
probably ,  5
aeons ,  1
pictured ,  1
unconscious ,  4
amused ,  1
distinguish ,  2
dally ,  1
arrears ,  1
abruptly ,  1
hoisted ,  1
secrets ,  1
sensitive ,  5
forgotten ,  4
vault ,  1
protector ,  1
unrelenting ,  1
liked ,  1
headed ,  1
manners ,  5
whatever ,  27
vessel ,  1
stamp ,  1
damp ,  1
coarse ,  2
threaten ,  1
territory ,  4
delights ,  3
lived ,  1
kneeling ,  1
exempt ,  1
else ,  31
determination ,  2
bidding ,  1
squabbles ,  1
loom ,  2
look ,  52
villagers ,  2
mumbling ,  1
dusty ,  1
loot ,  5
guide ,  1
pack ,  2
uncompromising ,  1
overlooked ,  1
embroidered ,  1
confound ,  1
rulers ,  2
reads ,  1
ready ,  20
riotous ,  1
grant ,  3
belong ,  4
grand ,  6
impious ,  1
conflict ,  1
clearness ,  1
covetous ,  2
used ,  38
lawyers ,  1
fulfilment ,  1
uses ,  1
decency ,  1
dissimilarity ,  1
anxious ,  2
obviously ,  1
calcutta ,  27
mislaid ,  1
coup ,  1
chord ,  1
exploits ,  1
bearer ,  1
quarters ,  2
winced ,  1
useful ,  1
praying ,  2
conjured ,  1
wounding ,  2
indigestible ,  1
throats ,  1
questioned ,  2
harmonize ,  1
remaining ,  3
march ,  3
lacking ,  4
showing ,  2
enthusiastically ,  1
game ,  3
wings ,  3
overthrown ,  1
defied ,  1
outright ,  1
inviting ,  1
submission ,  1
manifest ,  4
provoking ,  1
contradictions ,  2
sketch ,  1
fathers ,  2
creation ,  10
urgent ,  4
lips ,  7
economic ,  1
delivered ,  1
providence ,  14
pounding ,  1
forgets ,  1
eating ,  5
swooned ,  1
stem ,  4
enquiringly ,  2
step ,  9
assists ,  1
stew ,  1
nerves ,  3
ache ,  1
ochre ,  1
abroad ,  3
shine ,  2
faith ,  5
silence ,  11
seeing ,  6
within ,  42
nonsense ,  4
rolls ,  10
tenantry ,  2
worshipper ,  2
sakuntala ,  2
vigour ,  2
worshipped ,  2
calumny ,  1
manufacture ,  1
uncomplaining ,  1
harem ,  1
collapsed ,  1
reed ,  2
alive ,  7
branch ,  3
dull ,  2
ceremonies ,  1
[trans] ,  14
hair ,  19
immure ,  1
lords ,  1
accustomed ,  1
ordered ,  2
flush ,  3
languishing ,  1
seethe ,  2
cotton ,  6
objection ,  3
dashed ,  1
fears ,  4
preachers ,  4
enquired ,  3
nay ,  2
draw ,  9
princely ,  1
pretended ,  1
drag ,  4
smiled ,  19
ruthlessly ,  1
required ,  3
humiliated ,  1
clenched ,  1
depth ,  5
neighbouring ,  4
bribe ,  1
ignorant ,  1
sounded ,  3
harbouring ,  1
cheerful ,  1
idolized ,  1
go ,  81
compact ,  1
shackles ,  2
anointed ,  2
nose ,  1
oclock ,  1
shackled ,  1
wayside ,  2
infinite ,  6
moribund ,  1
prudence ,  1
wave ,  3
telling ,  7
stiff ,  1
hive ,  4
amras ,  1
dilute ,  1
manliness ,  3
punishing ,  1
pepper ,  1
waking ,  3
jump ,  1
picked ,  1
ardent ,  1
plays ,  1
bluntly ,  1
cell ,  1
following ,  3
rosary ,  1
likened ,  1
noisily ,  1
chant ,  1
salvation ,  2
danger ,  6
win ,  10
manage ,  7
addressed ,  2
wit ,  2
anomalies ,  1
singing ,  1
cloud ,  7
metaphor ,  2
kundu ,  12
remains ,  9
camera ,  1
devotedly ,  2
started ,  10
becomes ,  11
insincerity ,  1
appointed ,  2
consort ,  1
meed ,  1
crossed ,  3
servants ,  7
thirsting ,  1
nurture ,  1
control ,  5
escaped ,  3
pulling ,  2
sought ,  3
wonderful ,  12
skirt ,  4
fearsome ,  1
hesitate ,  3
embodiment ,  1
boasting ,  1
meanwhile ,  6
poetry ,  5
arrangement ,  2
hies ,  1
fare ,  2
conquers ,  1
furiously ,  1
belongings ,  2
winter ,  2
consecrated ,  2
overdress ,  1
consecration ,  1
immensity ,  1
bathing ,  1
rebellious ,  1
costume ,  1
mentioned ,  1
outer ,  15
scornfully ,  1
masses ,  2
sword ,  3
pins ,  2
placid ,  1
hands ,  41
front ,  8
masters ,  7
unnaturalness ,  1
mastery ,  2
mode ,  1
shaking ,  2
anklet ,  1
mas ,  1
bedstead ,  2
flunkey ,  1
special ,  17
secretly ,  7
entertainment ,  1
confess ,  7
fathom ,  1
wick ,  1
cause ,  18
achievements ,  1
undo ,  1
muddiness ,  1
attending ,  1
completely ,  4
sneer ,  1
resumed ,  2
drowning ,  2
reeled ,  1
childless ,  1
keep ,  52
intoxicated ,  2
pilfering ,  1
insensible ,  1
benediction ,  1
mad ,  6
incarnate ,  1
clamour ,  1
possessing ,  1
powerful ,  1
eminence ,  2
quality ,  1
hiding ,  1
privacy ,  2
bears ,  2
relations ,  5
attach ,  1
attack ,  3
wrapped ,  6
perfectly ,  1
final ,  3
prone ,  3
exactly ,  9
feint ,  1
overwhelming ,  1
omen ,  1
photograph ,  6
heartedly ,  1
bid ,  1
assents ,  1
beg ,  4
submitted ,  2
bee ,  50
bare ,  10
serfdom ,  1
lightly ,  2
portrait ,  6
need ,  25
constrained ,  1
border ,  4
screw ,  1
pursued ,  3
able ,  33
sewing ,  1
taints ,  1
resplendent ,  2
intentions ,  1
connected ,  2
glistening ,  1
awe ,  1
foisted ,  1
eject ,  1
pulled ,  7
urn ,  1
upset ,  2
repeated ,  8
gesture ,  2
heartbeats ,  1
grovelling ,  1
emerging ,  1
qualms ,  5
poesy ,  3
unfathomable ,  1
halting ,  1
shield ,  1
envy ,  1
based ,  3
unfinished ,  2
earned ,  1
credited ,  1
rash ,  1
inherited ,  2
attained ,  1
achieve ,  4
righteousness ,  6
sprouting ,  2
exaltation ,  2
joint ,  2
legitimate ,  1
magistrate ,  3
granaries ,  2
endless ,  5
evolution ,  2
evident ,  3
tobacco ,  1
shy ,  3
imperious ,  1
tuned ,  1
overflowing ,  2
contain ,  2
tunes ,  2
grab ,  1
preach ,  6
shake ,  2
inkling ,  1
legacy ,  1
powder ,  1
desperate ,  3
rifts ,  1
joys ,  4
nightmare ,  1
horribly ,  1
state ,  5
supernatural ,  3
horrible ,  2
neither ,  20
brigandage ,  1
ken ,  1
attention ,  1
spares ,  1
importance ,  1
hurrying ,  1
gloated ,  1
magh ,  1
key ,  13
group ,  2
precious ,  8
pilgrims ,  2
limits ,  1
minds ,  9
strains ,  4
admit ,  6
gita ,  4
habitual ,  1
invisible ,  2
kings ,  4
quit ,  2
sari ,  17
tread ,  2
overthrowing ,  1
cowards ,  3
immense ,  8
slowly ,  2
treat ,  1
poet ,  8
uplifted ,  2
shoulders ,  4
senses ,  4
corresponding ,  2
league ,  1
quibbles ,  1
shameless ,  4
quotation ,  2
novel ,  2
noiselessly ,  1
outspread ,  1
poush ,  1
harden ,  1
mythology ,  1
unquestioningly ,  2
surface ,  5
demi ,  1
hearted ,  1
mirjans ,  2
fortification ,  1
balloon ,  1
strange ,  4
kingly ,  1
underground ,  1
party ,  3
rightfully ,  1
appearances ,  1
scourged ,  1
effect ,  2
fetish ,  1
privations ,  1
colouring ,  1
nation ,  3
destruction ,  13
scarcely ,  1
defilement ,  1
i ,  5
obstacles ,  4
well ,  62
rabindranath ,  1
trials ,  2
glowed ,  2
mistaken ,  2
mistakes ,  3
distant ,  7
skill ,  1
spells ,  1
imparts ,  1
barefooted ,  1
deprecatingly ,  1
balloons ,  1
indignation ,  1
kick ,  1
clouded ,  3
fate ,  15
chandranath ,  11
crushed ,  2
cupidity ,  1
burden ,  9
immediately ,  1
loss ,  16
necessary ,  12
lost ,  27
starry ,  2
ring ,  4
payments ,  2
lose ,  10
divest ,  1
rote ,  1
shed ,  3
sleight ,  1
belonged ,  1
hush ,  1
repeat ,  2
deliverance ,  5
home ,  41
proofs ,  2
twitted ,  2
harimati ,  1
broad ,  3
objected ,  4
eyesore ,  1
cradle ,  1
nabob ,  2
chakna ,  1
reaching ,  2
journal ,  2
doctors ,  2
bundle ,  5
instinct ,  1
refuge ,  1
freedom ,  26
persuades ,  1
delicacies ,  1
recognizes ,  1
tongue ,  4
persuaded ,  1
verandahs ,  1
equally ,  6
primal ,  2
cocoa ,  3
artists ,  2
doubtless ,  2
accused ,  1
noticed ,  3
delusions ,  2
inner ,  15
hoofs ,  1
receipt ,  1
north ,  2
gait ,  2
jubilation ,  1
gain ,  14
sprinkling ,  1
overflow ,  3
ear ,  3
eat ,  7
he ,  1
paean ,  1
broads ,  1
turnings ,  1
stories ,  2
empty ,  25
pumped ,  1
piece ,  2
display ,  4
mechanics ,  3
babus ,  3
devise ,  2
universal ,  4
penny ,  1
kisses ,  2
beats ,  3
education ,  2
authority ,  1
balcony ,  1
superlatively ,  1
infatuated ,  2
ingredients ,  1
uprush ,  1
onwards ,  1
neighbourhood ,  3
stumpy ,  1
star ,  4
insults ,  2
stab ,  1
friends ,  5
curbed ,  1
shunt ,  1
atheist ,  2
persistent ,  1
portion ,  1
lives ,  8
padma ,  1
drumbeats ,  1
unimaginative ,  1
pardon ,  1
dissolution ,  1
knelt ,  1
obstruction ,  1
bodices ,  1
whose ,  24
calculate ,  3
sweetest ,  1
presents ,  2
teaching ,  1
sorry ,  4
sway ,  3
rescue ,  4
destitution ,  2
misunderstanding ,  2
vase ,  3
affect ,  1
sajna ,  1
bowstring ,  1
holiness ,  1
clothed ,  1
correct ,  3
convenience ,  2
clothes ,  9
force ,  17
lustre ,  2
likely ,  2
even ,  112
wreck ,  1
snares ,  1
lights ,  4
reverently ,  3
new ,  17
tips ,  1
ever ,  41
reviving ,  1
snared ,  1
niche ,  6
repugnance ,  1
mem ,  1
never ,  126
drew ,  5
met ,  8
dry ,  8
piercing ,  1
ignoring ,  1
credit ,  1
harass ,  1
exacting ,  1
suitable ,  1
reckoned ,  2
besides ,  1
elude ,  1
ninety ,  2
moral ,  10
guests ,  1
drowned ,  3
unrighteousness ,  1
arms ,  8
call ,  38
calm ,  3
survive ,  1
leaky ,  1
type ,  1
tell ,  58
peeping ,  1
warn ,  3
warm ,  2
frenzy ,  2
qualm ,  1
samalda ,  1
ward ,  1
blindfold ,  2
room ,  111
rights ,  4
roof ,  5
regrets ,  1
foliage ,  2
guise ,  3
akin ,  1
root ,  6
freshet ,  1
fresher ,  1
give ,  66
laughs ,  1
honey ,  1
armlets ,  2
crystallized ,  1
loathe ,  1
answer ,  9
replacing ,  1
curiosity ,  2
misfit ,  1
attempt ,  4
third ,  1
descends ,  1
assuredly ,  1
meekness ,  1
deck ,  1
sheltering ,  1
overstepping ,  1
despondently ,  1
eavesdropping ,  1
banged ,  1
responsive ,  1
personal ,  5
tagore ,  1
better ,  16
differently ,  1
persist ,  1
overcome ,  6
weakness ,  15
intimidation ,  1
indulge ,  4
downright ,  1
advise ,  1
sleepless ,  3
fringes ,  1
mounts ,  1
went ,  79
sham ,  2
side ,  29
luck ,  2
interruption ,  1
calmly ,  1
principles ,  1
skins ,  1
ahalya ,  1
taught ,  3
trading ,  2
stealing ,  3
dawn ,  7
collector ,  1
tales ,  1
revolting ,  1
content ,  9
sparkle ,  1
fiery ,  6
surprise ,  7
turning ,  7
resume ,  1
revenge ,  3
struggle ,  2
mistress ,  4
starts ,  1
cosmic ,  1
signature ,  1
moving ,  3
loud ,  1
penury ,  1
features ,  6
perilous ,  1
reassure ,  1
unlit ,  1
hook ,  1
nastiness ,  1
girls ,  2
twisted ,  1
2 ,  1
witnessing ,  1
dwell ,  1
exposures ,  1
compunction ,  3
solemnly ,  2
plaint ,  1
brindaban ,  3
somewhat ,  4
gambles ,  1
peculiar ,  1
begins ,  2
distance ,  7
anxiety ,  2
surrounding ,  1
wielder ,  3
preparation ,  1
matter ,  22
silly ,  3
deserving ,  1
knights ,  1
extracting ,  1
usages ,  1
sees ,  1
fathomless ,  1
modern ,  14
mind ,  60
mine ,  69
seed ,  5
seen ,  31
seem ,  6
sounding ,  4
mint ,  1
tells ,  7
impotent ,  1
bengal ,  19
chest ,  2
niece ,  1
machinery ,  1
regular ,  3
urgence ,  1
consumed ,  1
breathes ,  1
hamper ,  1
points ,  2
principle ,  1
breathed ,  1
annoyed ,  5
lyrics ,  2
hunger ,  2
retire ,  5
brilliance ,  3
attempts ,  2
supplied ,  3
divinity ,  3
surged ,  2
explain ,  5
folded ,  4
sugar ,  5
remittance ,  1
wearing ,  1
patter ,  1
stop ,  11
perceive ,  1
raiment ,  1
goddesses ,  1
earn ,  2
bar ,  1
bas ,  1
fields ,  2
bag ,  2
bad ,  11
enchant ,  1
ears ,  9
unworthy ,  7
decided ,  4
subject ,  3
pebbles ,  1
said ,  250
insolently ,  1
artificial ,  3
tantamount ,  1
embroidery ,  2
simplest ,  2
warrior ,  1
wears ,  1
vows ,  1
ignorance ,  1
weary ,  1
suggested ,  3
disseminate ,  1
protection ,  1
peddling ,  1
appeared ,  10
height ,  4
offerings ,  6
springs ,  1
proceeded ,  2
basis ,  1
three ,  8
tiny ,  1
interest ,  9
basic ,  1
entered ,  11
lovely ,  2
threw ,  7
deeper ,  4
quantities ,  1
sunshine ,  1
afternoons ,  1
personally ,  1
deepen ,  1
carriage ,  1
unpopular ,  1
exception ,  1
sly ,  2
luggage ,  1
ugly ,  2
near ,  17
suppose ,  13
anchor ,  1
ix ,  3
seven ,  5
is ,  1
it ,  8
iv ,  3
ii ,  3
shame ,  30
cant ,  6
im ,  2
splendour ,  1
jest ,  2
disappear ,  2
grown ,  3
shimmering ,  1
make ,  94
unfortunate ,  3
grows ,  5
entitled ,  1
vibrates ,  1
meets ,  1
declaring ,  1
delight ,  3
kin ,  1
supposing ,  1
jealous ,  5
opportunity ,  11
thoughts ,  4
unpriced ,  1
changes ,  1
failing ,  1
rome ,  1
qualities ,  1
claims ,  6
left ,  71
just ,  74
neighing ,  2
human ,  11
facts ,  2
yes ,  14
wafers ,  1
yet ,  62
husking ,  1
buyers ,  1
infinitely ,  2
royal ,  2
affinity ,  5
save ,  27
inflicting ,  1
auspicious ,  1
whichever ,  2
wanting ,  7
dreamt ,  1
vanity ,  3
shoulder ,  2
dignity ,  5
patience ,  3
performing ,  1
unnecessary ,  1
notorious ,  1
cowardice ,  4
squander ,  1
deal ,  4
somehow ,  8
dead ,  10
revel ,  2
jupiter ,  1
paragraphs ,  1
dear ,  19
theatrical ,  1
theatre ,  1
undisturbed ,  1
beatitude ,  1
track ,  1
dispelled ,  1
bold ,  2
burn ,  5
inquiringly ,  1
presentiment ,  1
wept ,  2
conceal ,  3
ribs ,  1
barbarians ,  1
afternoon ,  16
boors ,  1
nerve ,  1
rhyming ,  2
managers ,  1
intellectual ,  1
lies ,  14
doctrine ,  1
frightened ,  2
flying ,  2
jealousy ,  3
vehemence ,  2
fraction ,  1
starve ,  1
intoxicant ,  2
form ,  11
landing ,  1
bengals ,  2
failure ,  2
sagar ,  1
bengali ,  6
surrender ,  4
assented ,  2
mouthed ,  1
lilies ,  1
pavilion ,  2
attached ,  6
bounds ,  8
khemas ,  1
temper ,  1
sticks ,  1
busying ,  1
sale ,  4
fashioned ,  5
ship ,  3
widows ,  2
unholy ,  1
locality ,  1
handed ,  4
congeal ,  1
garland ,  3
savage ,  1
dies ,  2
felt ,  61
diet ,  1
unwell ,  1
sensuous ,  1
trepidation ,  1
fell ,  12
authorities ,  1
died ,  11
happening ,  4
assume ,  1
blushing ,  1
daily ,  11
jacket ,  2
teeth ,  5
restored ,  1
managed ,  4
eldest ,  2
vermilion ,  5
manager ,  17
manages ,  1
mill ,  3
milk ,  6
suicide ,  1
depend ,  1
swoon ,  2
father ,  6
bordered ,  3
answered ,  2
finally ,  3
marks ,  2
suffered ,  5
congratulating ,  1
advised ,  1
ma ,  5
pious ,  1
stiffen ,  1
dim ,  2
din ,  1
banished ,  1
die ,  23
noiseless ,  1
overlaid ,  1
round ,  32
attracting ,  1
shave ,  1
talked ,  5
dealing ,  1
bombardment ,  1
run ,  14
targets ,  1
favour ,  8
suspect ,  3
drunkard ,  1
filled ,  9
proclaiming ,  1
dewan ,  8
wail ,  1
appetites ,  1
hummed ,  1
wearily ,  1
arjuna ,  3
wait ,  8
box ,  22
boy ,  19
shift ,  3
wifehood ,  2
bow ,  4
scraggy ,  1
suggestion ,  7
priceless ,  1
shook ,  3
genuinely ,  1
hither ,  1
insolent ,  2
merely ,  26
pathans ,  1
withal ,  1
patriots ,  4
verge ,  3
[30] ,  1
everybody ,  4
wealth ,  11
sake ,  11
joyous ,  1
france ,  1
bazar ,  2
thakos ,  1
acceptable ,  1
treasury ,  13
rigid ,  1
effort ,  5
fly ,  1
avoiding ,  1
melodrama ,  1
soul ,  20
impel ,  1
drags ,  2
growing ,  2
making ,  31
arrive ,  1
claim ,  12
confused ,  1
agent ,  1
pointedly ,  1
rays ,  1
stricken ,  1
oppressing ,  1
pine ,  3
till ,  25
pure ,  11
tatters ,  1
swamping ,  1
pathway ,  1
map ,  3
staying ,  2
swayed ,  1
may ,  98
mankind ,  1
mocks ,  1
destructive ,  1
grow ,  5
man ,  110
neck ,  9
maybe ,  1
purify ,  1
borrowing ,  2
tale ,  1
cascade ,  1
thorny ,  1
deposit ,  1
deceive ,  2
thorns ,  5
tall ,  1
talk ,  26
shoes ,  3
gradual ,  2
pointed ,  4
lyric ,  1
terrace ,  5
cuts ,  2
argued ,  4
blooded ,  1
police ,  22
undermined ,  2
maid ,  8
policy ,  1
main ,  3
views ,  1
sarcastic ,  2
lunch ,  1
touching ,  6
killed ,  3
developments ,  1
possess ,  2
feverish ,  1
misgivings ,  1
careless ,  2
rock ,  1
motherland ,  4
allegories ,  1
conventions ,  1
preaching ,  2
aloof ,  1
girl ,  6
thoroughness ,  1
living ,  13
miles ,  2
brimming ,  2
assurance ,  1
whims ,  1
cough ,  2
orb ,  1
advance ,  3
carnival ,  1
contented ,  1
thing ,  57
ripon ,  1
think ,  51
waited ,  1
first ,  47
exotic ,  1
placing ,  2
question ,  8
long ,  46
bridegrooms ,  1
carry ,  12
smites ,  1
sounds ,  8
chalked ,  1
little ,  75
slept ,  2
immortals ,  1
anyone ,  4
gangotrie ,  1
moisture ,  1
speaking ,  5
gaudy ,  1
eyes ,  73
continuous ,  1
eyed ,  1
cleanse ,  2
11 ,  1
10 ,  1
13 ,  1
12 ,  1
15 ,  1
14 ,  1
17 ,  1
16 ,  1
19 ,  1
18 ,  1
browning ,  2
orgy ,  1
venture ,  3
gathering ,  2
topics ,  1
occupies ,  1
nuisances ,  1
voices ,  2
winding ,  2
conspiracy ,  2
voiced ,  1
clung ,  2
castor ,  1
answering ,  2
shocked ,  1
wretch ,  1
performance ,  2
pain ,  16
trace ,  2
arguing ,  4
paid ,  10
blackest ,  1
aloud ,  4
entreaty ,  1
pair ,  1
queens ,  1
pachur ,  1
especially ,  3
shop ,  1
shot ,  3
show ,  13
fervour ,  1
bedside ,  1
shoe ,  1
threshold ,  1
corner ,  9
nice ,  1
stormy ,  3
plume ,  1
treasure ,  1
enough ,  36
spirituality ,  1
black ,  7
germs ,  1
enthusiasm ,  12
ebullition ,  1
exaggeration ,  1
get ,  102
hostage ,  1
designated ,  1
nearly ,  3
distinctly ,  3
gem ,  1
ramayana ,  2
yield ,  2
morning ,  28
undertone ,  1
ruddy ,  1
finishing ,  2
worrying ,  5
silently ,  6
declared ,  1
seas ,  1
seat ,  22
doings ,  3
seal ,  1
salutation ,  5
calendar ,  2
wonder ,  8
ornament ,  1
whereabouts ,  1
behind ,  22
diamonds ,  4
cautiously ,  1
reading ,  6
across ,  4
whispered ,  2
august ,  5
killing ,  6
countenance ,  4
vaporous ,  1
astrologer ,  1
according ,  6
delirium ,  1
holders ,  2
among ,  4
stretches ,  2
accusation ,  1
dereliction ,  1
stretched ,  2
importunate ,  2
mortification ,  1
arts ,  1
capable ,  1
mark ,  6
educated ,  1
shopping ,  1
precautions ,  1
lustily ,  1
offered ,  9
dangerous ,  2
gripped ,  1
wake ,  4
sound ,  17
bullocks ,  1
disconnected ,  1
sobbed ,  10
promising ,  2
awakened ,  2
cock ,  1
eventually ,  2
endowed ,  1
sincere ,  1
dedicate ,  2
strain ,  3
sudden ,  18
everyday ,  3
bags ,  1
different ,  15
vagaries ,  1
doctor ,  4
pay ,  9
woodland ,  1
speech ,  6
arguments ,  4
afflicts ,  1
stepped ,  3
pan ,  2
forestalled ,  1
extended ,  1
covets ,  1
assist ,  3
hullo ,  1
companion ,  2
running ,  7
drain ,  2
accountable ,  1
bottle ,  1
englishwoman ,  1
gates ,  2
money ,  93
ejectment ,  1
surrenders ,  1
aspect ,  5
wifes ,  3
sprang ,  3
nap ,  1
trespasser ,  1
4 ,  1
grip ,  1
reddened ,  1
moreover ,  1
grim ,  1
terrorize ,  1
ruimari ,  1
lightning ,  5
chamber ,  1
miraculous ,  1
either ,  14
robbery ,  4
served ,  7
passionate ,  4
robbers ,  4
[1] ,  1
fulfil ,  2
maids ,  2
doll ,  2
imprisonment ,  1
images ,  1
gramophone ,  2
gross ,  3
prasad ,  3
calculating ,  1
colonial ,  1
escort ,  2
gladden ,  1
moderate ,  1
knife ,  3
fitful ,  2
thefts ,  2
intrude ,  1
broken ,  12
bravado ,  1
drums ,  1
opium ,  1
contagion ,  2
roar ,  4
smear ,  3
violence ,  4
thrive ,  1
practical ,  1
helpmate ,  2
pockets ,  2
roam ,  1
mixed ,  1
metaphors ,  1
fallacy ,  1
wilds ,  1
lands ,  1
fertile ,  1
fettering ,  1
spreading ,  3
blessed ,  1
harness ,  1
distracted ,  1
lions ,  1
pretends ,  1
deepened ,  3
lodgings ,  1
strikes ,  3
wiping ,  1
intoxication ,  7
arranged ,  3
romantic ,  2
powerless ,  1
affection ,  4
deer ,  2
deep ,  10
fellow ,  7
imagination ,  6
grasped ,  1
lifetime ,  2
deed ,  1
fill ,  6
selfish ,  2
graveyard ,  1
sufferings ,  2
repent ,  1
field ,  3
fruitless ,  1
treacheries ,  1
shelter ,  6
important ,  3
boons ,  1
remote ,  2
recklessness ,  1
resembles ,  1
husky ,  1
starting ,  2
caste ,  3
colleges ,  1
forget ,  18
suns ,  1
forbidden ,  1
worms ,  2
founded ,  1
sunk ,  2
talks ,  7
expressions ,  1
allowances ,  1
plodding ,  1
[11] ,  1
enjoying ,  1
hideous ,  2
straightforward ,  1
sitting ,  27
overdone ,  1
heavenly ,  1
fall ,  13
difference ,  5
washing ,  1
mothers ,  5
infatuation ,  6
bespattered ,  1
preposterous ,  1
strung ,  1
titles ,  1
ribbon ,  2
creatures ,  5
maratha ,  1
defence ,  2
stood ,  24
sweetly ,  2
stoop ,  1
prostrated ,  3
tribute ,  2
everlasting ,  1
public ,  5
movement ,  7
untroubled ,  1
ranged ,  2
twang ,  1
forefinger ,  1
favourable ,  1
unheeded ,  1
mourning ,  1
speeches ,  1
lucknow ,  1
gleams ,  1
misery ,  3
narrow ,  5
misers ,  1
whimsical ,  1
cowardly ,  4
africa ,  1
sanction ,  2
extinction ,  1
memos ,  1
shareholders ,  1
eye ,  5
nothings ,  1
distinct ,  5
destination ,  1
two ,  28
devotees ,  1
restraints ,  1
pawing ,  1
diamond ,  2
handsomely ,  1
purse ,  2
particular ,  7
sleeping ,  1
town ,  2
none ,  17
dewali ,  1
middle ,  1
recall ,  1
dew ,  1
guards ,  3
remain ,  22
escorted ,  1
dazed ,  1
abandon ,  1
marble ,  2
purchases ,  1
gravely ,  4
share ,  7
biography ,  1
siren ,  1
awkward ,  4
comfort ,  3
pressing ,  2
sacred ,  5
stir ,  2
slackening ,  1
creaks ,  1
advice ,  6
blood ,  21
faculty ,  1
bloom ,  3
response ,  2
coax ,  2
blunder ,  2
deserted ,  3
coal ,  1
responsibility ,  6
pleasure ,  7
playing ,  6
stains ,  2
appeals ,  2
through ,  1
existence ,  7
suffer ,  6
24 ,  1
25 ,  1
26 ,  1
27 ,  1
pens ,  2
21 ,  1
22 ,  1
23 ,  1
energies ,  1
28 ,  1
bosom ,  8
late ,  20
detected ,  2
triumphantly ,  1
hurting ,  2
good ,  57
disrespectful ,  1
seeking ,  1
lovably ,  1
detour ,  1
walls ,  7
compound ,  1
complain ,  3
association ,  1
mystery ,  6
easily ,  6
ashes ,  13
token ,  1
boisterous ,  1
repeating ,  2
meshes ,  1
harm ,  9
everyone ,  2
desirability ,  1
fish ,  6
hard ,  12
idea ,  23
champing ,  1
deluged ,  1
countrymen ,  5
ripple ,  1
seniority ,  1
harp ,  2
uninvited ,  1
childish ,  2
throes ,  1
acting ,  1
flowed ,  1
avenge ,  1
circumstance ,  2
nibaran ,  1
bulls ,  1
extraordinary ,  5
contrivance ,  1
unswervingly ,  1
beginning ,  5
blossoming ,  3
audacity ,  1
[3] ,  1
embraces ,  1
dont ,  37
juncture ,  2
utilized ,  1
done ,  29
wages ,  5
englishwomans ,  1
twenty ,  7
entreated ,  3
least ,  13
paint ,  1
pains ,  3
compartment ,  1
tremblings ,  1
part ,  17
drunkenness ,  2
upshot ,  1
obstructed ,  1
believe ,  22
unpardonable ,  1
stirs ,  1
ogress ,  1
gotten ,  1
youth ,  5
contrary ,  2
supposed ,  3
treated ,  2
declare ,  2
swerve ,  1
trifles ,  1
curtains ,  1
ages ,  4
flitted ,  1
aged ,  1
orders ,  6
paths ,  1
built ,  6
flared ,  2
dancing ,  3
majority ,  1
build ,  5
province ,  1
flute ,  9
unceremoniously ,  1
depths ,  10
charm ,  4
shawls ,  3
extremely ,  2
branching ,  1
feasting ,  3
cramped ,  1
reflections ,  3
pennant ,  1
weigh ,  1
joining ,  1
weavers ,  1
particularly ,  1
wailing ,  1
scattered ,  8
carefully ,  5
fine ,  4
find ,  49
nervous ,  1
ruin ,  8
worthy ,  2
spitefully ,  1
chimed ,  1
8 ,  1
merged ,  1
weve ,  1
silt ,  1
express ,  4
ferret ,  1
courage ,  4
breast ,  13
theft ,  10
silk ,  2
resolve ,  2
remove ,  3
common ,  4
brooked ,  1
severing ,  1
woollens ,  1
devils ,  1
lion ,  2
individual ,  6
manly ,  1
surrendered ,  1
tender ,  4
forthcoming ,  1
hole ,  1
feared ,  2
[13] ,  1
enveloped ,  1
degree ,  4
expert ,  1
please ,  11
unmistakably ,  1
distraught ,  1
burned ,  1
historical ,  1
masterful ,  1
lightness ,  1
solely ,  1
[28] ,  1
annual ,  1
foreign ,  24
cakes ,  14
danced ,  1
point ,  25
simple ,  13
ravages ,  1
smother ,  1
dances ,  2
simply ,  22
unsuccessful ,  2
asserted ,  1
supple ,  1
expensive ,  1
weaving ,  2
raise ,  5
create ,  6
secret ,  6
dropping ,  1
meeting ,  8
blurting ,  1
gas ,  1
cruelty ,  5
gap ,  3
misgive ,  1
understand ,  26
unnecessarily ,  1
classifications ,  1
solid ,  2
tolerate ,  1
replaced ,  2
rigour ,  2
sobs ,  1
fun ,  1
century ,  2
metre ,  3
astound ,  1
decoration ,  1
benign ,  1
discourse ,  1
complaints ,  1
bristle ,  1
lenient ,  1
powerlessness ,  1
keys ,  5
expressiveness ,  1
husbands ,  37
moment ,  50
purpose ,  12
realm ,  1
task ,  4
spent ,  11
withdraw ,  1
landmark ,  1
entry ,  3
spend ,  2
alluring ,  3
bauhinias ,  1
shape ,  10
openly ,  5
miserliness ,  1
injuries ,  1
discipline ,  1
superficial ,  1
cut ,  8
cur ,  1
cup ,  7
source ,  2
cue ,  1
cud ,  1
deliberately ,  4
snap ,  1
bridal ,  2
excited ,  3
bin ,  1
womanly ,  2
big ,  10
rebound ,  1
jerked ,  1
judgement ,  3
matters ,  6
foreigners ,  2
bit ,  6
vapour ,  1
forcefulness ,  1
surging ,  2
mediocrity ,  1
foolish ,  1
often ,  20
absolutely ,  5
obliged ,  1
back ,  92
strongest ,  1
triumphing ,  1
ornaments ,  13
mirror ,  5
scale ,  1
pet ,  1
decision ,  1
per ,  4
pen ,  3
connecting ,  1
epic ,  1
laughing ,  2
patient ,  1
remembered ,  1
fed ,  1
goods ,  9
hackneyed ,  1
drama ,  1
ounce ,  1
tenants ,  5
framed ,  1
benares ,  1
lesson ,  4
bankruptcy ,  2
overpower ,  1
infected ,  1
manifested ,  1
forward ,  9
invite ,  2
hoped ,  1
boys ,  9
hopes ,  4
directed ,  1
rejection ,  1
[5] ,  1
aversion ,  1
possession ,  4
constant ,  4
flow ,  3
singly ,  1
deprive ,  2
consulted ,  1
curb ,  1
omens ,  1
dragging ,  2
prevail ,  2
denying ,  1
brethren ,  1
excused ,  1
excuses ,  1
brushing ,  1
lend ,  1
favourite ,  1
impress ,  1
prepared ,  3
utterly ,  9
neednt ,  1
desert ,  3
implies ,  1
overlooking ,  1
downcast ,  2
responded ,  2
cooked ,  1
implied ,  1
commoner ,  1
chariot ,  3
compose ,  1
breaches ,  2
blaze ,  3
brooms ,  1
pleasing ,  1
reproachfully ,  1
confounding ,  1
rhyme ,  3
agitating ,  1
putting ,  6
accuse ,  2
arrange ,  1
severely ,  2
verandah ,  12
uncovering ,  1
shock ,  8
insubordinate ,  1
havent ,  1
unsatisfied ,  1
sacrificial ,  1
bleeding ,  1
crow ,  1
uncomfortably ,  1
rivers ,  1
uncomfortable ,  1
nephew ,  1
grooves ,  1
nests ,  1
giving ,  17
anthem ,  2
pipes ,  4
access ,  2
manufactured ,  1
body ,  17
exchange ,  4
apologetic ,  1
beasts ,  2
sins ,  4
poise ,  1
packing ,  2
objects ,  2
healing ,  1
others ,  22
resemblance ,  1
widening ,  1
remark ,  2
stalks ,  2
conceit ,  1
30 ,  1
climb ,  1
looted ,  2
limp ,  1
private ,  1
extravagance ,  1
names ,  5
scandal ,  1
gateway ,  1
[15] ,  1
jests ,  1
assailed ,  1
trait ,  1
trail ,  1
train ,  6
ashamed ,  21
debtors ,  1
tearing ,  2
iii ,  3
minions ,  1
account ,  8
pandered ,  1
unreal ,  4
obvious ,  2
praise ,  9
closing ,  1
didnt ,  1
fetch ,  3
fringe ,  1
reserved ,  4
feebleness ,  2
proportions ,  1
bones ,  1
contempt ,  2
varied ,  1
awkwardness ,  1
holds ,  1
regions ,  1
lamp ,  8
siddharta ,  2
stock ,  5
buildings ,  1
de ,  2
cardamom ,  1
waters ,  4
philosophy ,  3
tresses ,  2
bothered ,  2
preferred ,  1
fray ,  2
trifling ,  2
bind ,  3
lines ,  5
trembling ,  5
chief ,  3
road ,  8
furious ,  1
furnish ,  1
nearness ,  1
chotie ,  3
perturbed ,  1
contriving ,  2
frying ,  1
agricultural ,  1
thyself ,  2
bunch ,  1
industries ,  3
hypnotism ,  2
decorum ,  1
winning ,  2
age ,  13
heroism ,  1
willing ,  1
marsh ,  1
slobbering ,  1
machinations ,  1
tickled ,  1
greater ,  15
pangs ,  2
spell ,  10
mention ,  2
cutting ,  5
day ,  129
strive ,  1
thrill ,  2
estranged ,  1
warned ,  2
radiant ,  4
freshness ,  1
blazing ,  1
disregard ,  2
gazing ,  5
thwart ,  1
baulk ,  1
empires ,  2
extinguishing ,  1
hedges ,  1
announces ,  1
wholly ,  3
gravelled ,  1
messenger ,  6
wean ,  2
gnashing ,  1
fondly ,  1
deceptions ,  1
thereupon ,  1
approached ,  2
apologetically ,  1
frank ,  3
hanker ,  1
approaches ,  1
bleed ,  1
turbans ,  1
lakshmis ,  1
deprived ,  5
yarn ,  5
mortal ,  3
barriers ,  1
retain ,  1
reached ,  4
owning ,  1
ancient ,  4
vulgar ,  2
pots ,  1
immovable ,  1
intermediate ,  1
maidens ,  1
nut ,  2
explanation ,  1
nobody ,  1
vouchsafed ,  3
loved ,  4
treatise ,  1
flashed ,  7
calamity ,  1
loves ,  7
lover ,  6
flashes ,  2
maharani ,  3
tide ,  2
pitiable ,  1
cavern ,  1
dictate ,  2
throat ,  4
apparently ,  1
complete ,  3
sayings ,  1
secreted ,  1
mid ,  3
schoolmaster ,  4
concerns ,  3
longings ,  1
unless ,  7
hankering ,  2
procure ,  2
deathless ,  1
eight ,  2
prisoner ,  1
hoodwink ,  1
payment ,  2
afresh ,  6
enthusiastic ,  3
gather ,  3
request ,  1
iconoclasts ,  1
absurd ,  5
contemptuous ,  1
absorbing ,  1
trustfully ,  1
tearful ,  2
paternal ,  1
gasping ,  1
lolling ,  1
knowledge ,  2
sparks ,  3
satan ,  3
fumbled ,  1
regularly ,  1
beat ,  3
bear ,  26
beam ,  1
perfection ,  1
calling ,  6
barters ,  1
fixed ,  6
untrue ,  3
exists ,  3
national ,  4
yearning ,  4
greece ,  1
watchfulness ,  1
awaits ,  2
imposition ,  1
reform ,  2
pattern ,  1
brunt ,  1
difficulties ,  1
routine ,  1
progress ,  6
boundary ,  2
smilingly ,  4
sorrow ,  7
deliver ,  4
placidly ,  1
firmness ,  1
jeweller ,  1
reciters ,  1
asunder ,  3
robberies ,  1
freely ,  1
taking ,  31
equal ,  4
fulfilled ,  1
sexes ,  1
swim ,  2
conquered ,  1
passing ,  8
glorious ,  2
otherwise ,  5
despotically ,  1
teasing ,  1
beguiled ,  1
laugh ,  15
manhood ,  2
earning ,  1
pouring ,  5
tremendous ,  3
muddy ,  3
gaze ,  6
ah ,  11
curtain ,  2
proposal ,  1
juggler ,  1
arises ,  1
protect ,  3
assert ,  1
finished ,  7
tenderly ,  4
bull ,  1
general ,  1
volunteer ,  1
welcoming ,  1
plain ,  6
appearance ,  3
value ,  11
handwriting ,  1
dykes ,  3
almost ,  9
delusion ,  7
respected ,  1
claimed ,  2
inspector ,  16
tumbled ,  1
whirl ,  2
untoward ,  1
material ,  6
shames ,  1
sisters ,  2
shamed ,  1
nevertheless ,  4
weapon ,  4
overshadowed ,  1
thought ,  42
position ,  3
creators ,  2
arising ,  1
meet ,  15
stores ,  4
sandips ,  30
domestic ,  6
stored ,  2
protecting ,  1
gongs ,  1
desperadoes ,  1
flee ,  1
lake ,  4
bench ,  1
add ,  1
ado ,  2
match ,  1
kali ,  2
worlds ,  1
[17] ,  1
amrita ,  1
like ,  134
success ,  21
sofa ,  1
admitted ,  1
heed ,  2
chick ,  1
works ,  1
soft ,  3
audible ,  1
airauat ,  1
mahomedan ,  3
hail ,  4
ideals ,  3
convey ,  1
stuffs ,  2
proper ,  5
novelist ,  1
happens ,  3
students ,  1
chains ,  2
prose ,  3
noise ,  2
slight ,  3
rangpur ,  2
oiled ,  1
expiry ,  1
hospitable ,  1
snapped ,  3
simpler ,  2
waving ,  1
actual ,  3
serviceable ,  1
blessings ,  2
introduced ,  1
guard ,  7
manifests ,  1
unfashionable ,  1
rushed ,  6
stainless ,  1
rushes ,  2
bees ,  2
biggest ,  4
relishing ,  1
ivory ,  2
buy ,  9
enchantment ,  1
preparations ,  3
rajas ,  1
plague ,  1
bookshelf ,  1
bud ,  1
misty ,  2
wise ,  1
glory ,  8
flit ,  1
minutes ,  2
supreme ,  7
replying ,  1
pin ,  1
deaths ,  1
whisper ,  1
measure ,  3
pit ,  1
proceeds ,  1
dressed ,  3
claiming ,  1
detain ,  1
redden ,  1
dresses ,  1
uttermost ,  1
desecration ,  1
mantrams ,  1
draught ,  5
drugging ,  1
variation ,  1
shrank ,  1
stirred ,  1
littered ,  1
pupil ,  2
augmented ,  1
limited ,  2
vermin ,  1
needful ,  1
sleep ,  11
hating ,  1
appetite ,  3
hate ,  2
assembled ,  1
bangles ,  2
pride ,  17
instincts ,  1
lure ,  1
risk ,  2
rise ,  4
every ,  54
sailing ,  1
school ,  8
[9] ,  1
postponing ,  1
conceive ,  1
delightfully ,  1
enjoy ,  5
veritable ,  1
parted ,  1
feathery ,  1
infancy ,  1
consistent ,  1
fairness ,  1
direct ,  2
scribbled ,  2
street ,  1
emptiness ,  5
shining ,  6
blue ,  3
lesser ,  2
hide ,  7
solemn ,  1
revolver ,  1
poison ,  6
children ,  10
xvii ,  1
conduct ,  1
supplies ,  1
teachers ,  2
stared ,  2
hundreds ,  2
beck ,  1
suffusing ,  1
path ,  21
stares ,  1
orthodoxy ,  2
voice ,  18
distinctness ,  2
gaol ,  2
leaves ,  9
changed ,  4
settled ,  3
punishment ,  5
stray ,  1
visibly ,  1
feelings ,  10
sorrows ,  6
visible ,  10
would ,  1
grief ,  2
scrannel ,  1
robbing ,  3
must ,  220
shoot ,  1
join ,  5
cheapest ,  1
my ,  1
quarrel ,  8
estate ,  6
ingenuity ,  1
loosed ,  1
orion ,  1
times ,  9
attract ,  2
ceremony ,  4
gilby ,  10
end ,  33
keen ,  7
returning ,  2
writers ,  1
enquire ,  1
gate ,  3
badly ,  2
description ,  1
horoscope ,  1
delicacy ,  4
coffers ,  1
demanding ,  1
sparkles ,  1
splendid ,  1
amid ,  1
hypnotic ,  4
rouses ,  1
ultimate ,  2
enter ,  6
roused ,  5
executed ,  1
interpretation ,  1
over ,  2
broomed ,  1
undid ,  1
glances ,  4
forehead ,  8
hypocrisy ,  1
womanhood ,  6
writing ,  6
destroyed ,  5
fade ,  3
glanced ,  1
repressed ,  1
prevented ,  3
bimal ,  28
ripens ,  1
hitherto ,  1
shadows ,  5
swaying ,  1
quadrangle ,  2
shadowy ,  1
filling ,  3
victory ,  3
muscularity ,  1
signing ,  1
cloths ,  2
fussing ,  1
railed ,  1
overcame ,  1
god ,  39
washed ,  1
laid ,  7
unabashed ,  1
lain ,  1
got ,  29
splashed ,  1
repining ,  1
hang ,  2
eternal ,  8
free ,  23
[19] ,  1
untruth ,  10
whereupon ,  1
rain ,  6
wanted ,  37
spendthrifts ,  1
days ,  53
hopeless ,  2
soda ,  1
inspectors ,  1
rang ,  4
already ,  8
frantic ,  4
rani ,  84
rank ,  3
lovable ,  1
fantasy ,  1
awoke ,  1
scissors ,  1
bandaged ,  1
traitorous ,  2
toy ,  1
sarcasm ,  1
top ,  4
heights ,  2
flippant ,  1
wildly ,  3
unbroken ,  1
reparation ,  1
serve ,  10
took ,  46
western ,  1
abated ,  1
frankly ,  3
classes ,  1
flame ,  12
possessed ,  4
rag ,  1
fashion ,  3
handkerchief ,  5
amiels ,  2
talking ,  2
advising ,  1
rap ,  1
regulate ,  1
scriptures ,  2
thoroughly ,  3
thorough ,  2
upholding ,  1
laughed ,  6
rider ,  2
though ,  36
humbly ,  1
glimpses ,  2
plenty ,  7
unmeasured ,  1
parting ,  4
glow ,  2
partition ,  1
metal ,  1
rupees ,  29
entertaining ,  1
chakravartis ,  4
sanctuary ,  1
alight ,  1
queen ,  43
earth ,  26
peddle ,  1
adoration ,  2
spite ,  9
refreshment ,  1
disgust ,  5
gods ,  27
lodge ,  1
announce ,  2
borrowed ,  1
rinsing ,  1
asoka ,  1
watch ,  6
shutting ,  2
blenched ,  1
wedding ,  5
report ,  1
knocks ,  1
fabrics ,  1
beads ,  1
overbearing ,  1
countries ,  4
anxiously ,  1
collusion ,  1
twice ,  2
fragrant ,  1
penance ,  2
swept ,  7
habit ,  9
liquor ,  4
sharpens ,  1
resist ,  4
maharaja ,  18
bed ,  14
byword ,  1
capacity ,  1
temptation ,  1
homoeopathic ,  1
continually ,  6
grandmother ,  8
mud ,  2
catalogue ,  1
bestride ,  1
finger ,  2
approach ,  1
discovery ,  2
confusion ,  1
incarnation ,  1
weak ,  17
however ,  28
wear ,  6
news ,  11
cashiers ,  1
drowsy ,  1
faced ,  2
goddess ,  28
fault ,  6
chandeliers ,  1
faces ,  1
expense ,  1
vexed ,  2
epidemic ,  1
maudlin ,  1
majestic ,  2
trust ,  10
staggering ,  1
aback ,  2
countrys ,  10
quickly ,  1
confident ,  3
badshahs ,  1
belongs ,  8
communion ,  2
expected ,  2
glided ,  1
enterprises ,  1
craft ,  1
catch ,  5
xxi ,  1
strangest ,  1
watercourse ,  1
cracked ,  1
purifying ,  1
expenses ,  2
experience ,  2
childhoods ,  1
wound ,  8
beside ,  2
drawback ,  2
snivelling ,  1
several ,  1
harming ,  1
mistiness ,  1
lusts ,  1
pick ,  1
springtime ,  2
greeted ,  1
unyielding ,  1
insisted ,  5
rearranged ,  1
forceful ,  2
ocean ,  4
savings ,  1
greatest ,  9
incapable ,  2
mother ,  48
hearts ,  18
departed ,  1
proposed ,  1
worthier ,  1
followed ,  6
scattering ,  1
propitiate ,  1
vibration ,  1
pharmacy ,  1
apart ,  4
humanity ,  7
gave ,  19
actresses ,  1
bandy ,  1
casting ,  3
breaks ,  5
quicksand ,  1
judge ,  3
burns ,  3
burnt ,  10
scruple ,  1
advanced ,  1
bande ,  38
melting ,  2
intertwined ,  1
gift ,  14
zeal ,  1
hunt ,  2
flaps ,  1
satiated ,  1
proudly ,  2
[20] ,  1
escape ,  9
advertise ,  1
intellect ,  1
establish ,  1
mystified ,  2
everything ,  22
icy ,  1
loins ,  1
mosquito ,  1
cuttingly ,  1
corn ,  1
disappeared ,  1
lamps ,  2
permitted ,  2
chapter ,  12
attacks ,  1
dinner ,  22
steadily ,  1
efforts ,  1
aha ,  1
presence ,  13
bath ,  8
fairyland ,  1
sunlight ,  1
lags ,  1
stuck ,  1
indispensably ,  1
naught ,  3
intolerance ,  1
head ,  36
heal ,  2
gorgeous ,  1
heat ,  2
hear ,  17
solar ,  1
sustained ,  1
removed ,  1
nodded ,  1
luxuriant ,  1
flavour ,  1
consequences ,  1
muster ,  1
bids ,  1
clubs ,  1
encumber ,  1
submitting ,  1
adorn ,  1
trim ,  1
brightly ,  1
shaktas ,  1
suspicions ,  3
despotism ,  1
acclaimed ,  1
check ,  5
looked ,  27
charioteer ,  1
outstretched ,  1
no ,  16
tip ,  2
panchus ,  11
tin ,  1
setting ,  9
papers ,  2
tie ,  2
vanished ,  4
eternity ,  2
picture ,  8
spoils ,  1
preceding ,  1
flushed ,  6
younger ,  3
longer ,  34
bullet ,  2
vigorously ,  2
withhold ,  1
longed ,  1
unchallenged ,  1
remarked ,  7
serious ,  1
intimacy ,  3
backward ,  1
dacoits ,  3
rob ,  3
rod ,  1
livelihood ,  1
leads ,  1
displaying ,  1
discern ,  1
turbid ,  1
passage ,  10
environment ,  1
charge ,  4
promoting ,  1
suckled ,  1
discovering ,  1
sing ,  6
agreed ,  2
advantage ,  2
shibboleths ,  1
keeping ,  10
anyway ,  2
waylay ,  1
cook ,  2
cool ,  3
clouds ,  1
hour ,  5
level ,  6
peeps ,  2
brother ,  40
inauspicious ,  1
quick ,  5
accumulation ,  1
says ,  11
injunction ,  1
invaded ,  1
dried ,  2
bales ,  1
drinks ,  1
hymn ,  1
stands ,  3
deluded ,  2
contracted ,  1
pleased ,  6
goes ,  7
reply ,  24
illimitable ,  1
water ,  23
attainment ,  1
witch ,  1
twentieth ,  1
groups ,  1
crippled ,  1
hoarse ,  1
supplying ,  1
thirty ,  5
healthy ,  2
pearls ,  3
hospitality ,  1
automaton ,  1
humour ,  4
crisis ,  4
handled ,  1
wrecking ,  1
surroundings ,  5
prey ,  1
memory ,  1
today ,  45
smeared ,  1
dismay ,  1
altar ,  2
allopathic ,  1
cashier ,  5
shafts ,  3
cases ,  1
thousands ,  3
ferry ,  1
laughter ,  5
streak ,  2
overpass ,  1
nursing ,  2
stream ,  5
downfall ,  1
expectant ,  1
millionaires ,  1
stroke ,  1
dropped ,  7
counting ,  1
intelligible ,  1
chutnies ,  1
scar ,  1
secured ,  1
innumerable ,  2
1 ,  1
crumbling ,  1
vital ,  2
cardinal ,  1
speaks ,  1
rites ,  3
needs ,  14
depriving ,  1
wagging ,  2
branches ,  1
drained ,  1
succeeded ,  2
purification ,  2
glancing ,  3
imagining ,  2
khema ,  6
furnished ,  1
midnight ,  2
fangs ,  2
worship ,  61
apes ,  1
offers ,  1
pandits ,  1
loophole ,  2
happened ,  21
delighted ,  1
underneath ,  4
conquer ,  1
feathered ,  1
sowing ,  1
gushing ,  2
term ,  2
equality ,  2
name ,  21
corners ,  2
necklet ,  1
possibilities ,  1
realistic ,  1
wearisome ,  1
torch ,  5
gaps ,  2
farewell ,  1
begun ,  7
tumultuous ,  1
obsession ,  1
anoint ,  1
profit ,  2
treading ,  3
attracted ,  2
divinities ,  2
attended ,  1
theory ,  4
revering ,  1
delude ,  4
turn ,  24
place ,  44
retreating ,  2
view ,  4
weakling ,  1
childhood ,  3
surviving ,  1
revenue ,  1
[22] ,  1
incongruous ,  1
clumsy ,  1
soaring ,  1
fetches ,  1
pleaded ,  3
cheerfully ,  1
tingling ,  3
given ,  22
necessarily ,  1
ebb ,  1
district ,  3
haggle ,  1
bounty ,  1
white ,  4
giver ,  2
gives ,  7
festivity ,  1
hum ,  1
inexpressibly ,  1
alas ,  11
copy ,  2
holder ,  1
explanations ,  2
wide ,  4
unfortunately ,  2
require ,  1
serf ,  1
sere ,  1
cards ,  2
poisoning ,  1
and ,  1
rend ,  1
rent ,  6
prosperity ,  4
wanderer ,  1
ideas ,  12
wandered ,  2
ideal ,  5
blunt ,  1
wrench ,  2
urge ,  1
sure ,  19
falls ,  4
boiling ,  1
net ,  1
clatter ,  1
cleared ,  3
pencils ,  1
considered ,  2
proud ,  4
hungry ,  2
uncle ,  2
senior ,  8
quantity ,  1
slope ,  1
pans ,  1
heap ,  3
applauding ,  1
cheap ,  5
dirge ,  1
hack ,  1
mister ,  1
written ,  5
crime ,  1
believing ,  1
dreaded ,  1
lighted ,  5
hurl ,  1
viewpoint ,  1
broadest ,  1
expectation ,  2
savours ,  1
reveal ,  1
fainted ,  1
naked ,  4
discussing ,  2
ignored ,  1
picnic ,  1
imposing ,  1
connections ,  1
unreasoningly ,  1
college ,  6
fails ,  1
invoked ,  1
sorely ,  2
mortgage ,  1
crooked ,  5
shiva ,  2
weapons ,  6
outside ,  36
arrival ,  1
shivered ,  1
fearless ,  1
thrilling ,  1
comb ,  2
come ,  146
reaction ,  1
acquiring ,  1
possessions ,  1
region ,  2
priests ,  1
quiet ,  4
[29] ,  1
railway ,  2
penal ,  1
utterance ,  1
duty ,  10
afterwards ,  4
opined ,  1
pot ,  3
insist ,  5
29 ,  1
satisfaction ,  4
pundits ,  1
lifes ,  5
deposited ,  1
hardly ,  12
schoolboy ,  1
engine ,  1
direction ,  1
tasteless ,  1
robbed ,  4
blessing ,  12
implored ,  1
drawer ,  2
mocking ,  1
eaters ,  3
careful ,  1
spirit ,  11
robber ,  5
case ,  14
shaft ,  3
nothingness ,  1
fiercer ,  1
cast ,  8
shops ,  1
wry ,  1
slippers ,  3
contrive ,  2
discrepancy ,  1
someone ,  3
shopkeeper ,  1
author ,  1
granted ,  1
reminded ,  3
trip ,  1
agitated ,  2
reminder ,  1
events ,  1
hermit ,  1
week ,  1
barefoot ,  1
driver ,  2
drives ,  1
muffled ,  1
noticing ,  1
driven ,  3
persons ,  4
lute ,  2
arose ,  1
changing ,  1
weep ,  3
vowed ,  4
longing ,  8
without ,  37
relief ,  1
model ,  1
reward ,  1
speechifying ,  1
bodies ,  1
desolate ,  1
ninth ,  1
risking ,  1
lavish ,  2
violent ,  1
cease ,  3
guides ,  1
blow ,  3
gentleness ,  1
womans ,  15
rose ,  12
seems ,  19
except ,  7
rosy ,  2
kingdom ,  3
kills ,  3
confined ,  3
accepted ,  3
correcting ,  1
furniture ,  3
compunctions ,  2
tower ,  1
reduced ,  5
burdens ,  1
jewellery ,  2
snatched ,  1
table ,  15
amulya ,  116
mood ,  2
legal ,  1
moon ,  8
buddha ,  2
compulsion ,  2
severed ,  2
calmed ,  1
poem ,  4
nails ,  1
wheedling ,  1
slaughter ,  1
loudest ,  1
prattle ,  1
wades ,  1
oh ,  41
of ,  2
whence ,  2
stand ,  14
decent ,  1
ladies ,  2
communication ,  1
garb ,  2
dishevelled ,  1
cursed ,  1
accounts ,  2
cent ,  4
england ,  1
calamities ,  1
distinctions ,  3
nakedness ,  1
energy ,  8
mischief ,  1
meaningly ,  1
regard ,  3
amongst ,  5
rouse ,  3
emancipate ,  1
tiptoe ,  1
grasp ,  3
grass ,  3
strongly ,  2
toilet ,  1
taste ,  8
frighten ,  3
[24] ,  1
alarm ,  1
namasudra ,  1
abyss ,  1
compel ,  2
5 ,  1
oneself ,  2
separate ,  2
symbol ,  2
despoil ,  1
dishonour ,  2
flower ,  13
bounded ,  2
included ,  1
brass ,  3
stocks ,  1
psychology ,  1
applause ,  1
calls ,  2
wife ,  25
unmitigated ,  1
unscathed ,  1
quizzical ,  1
chinese ,  1
wreath ,  4
follow ,  8
settlement ,  1
apartment ,  1
catastrophe ,  1
homage ,  1
thursday ,  1
blenching ,  1
belonging ,  3
woman ,  45
worse ,  1
song ,  18
far ,  17
fat ,  1
sons ,  4
worst ,  2
awful ,  6
bubbles ,  1
soles ,  1
gainsay ,  1
treating ,  1
stimulus ,  1
list ,  3
prolonged ,  2
grandfather ,  2
blankly ,  4
undone ,  1
salute ,  2
renouncing ,  2
ten ,  6
tea ,  3
reins ,  1
breakers ,  1
rate ,  2
design ,  4
what ,  2
imported ,  1
sub ,  2
sun ,  7
sum ,  1
brief ,  1
thraldom ,  1
row ,  3
guns ,  1
multitude ,  3
devoted ,  3
toes ,  1
drudgery ,  1
compressed ,  1
tragedy ,  1
jata ,  1
thrift ,  1
difficulty ,  4
allows ,  2
suddenly ,  24
commandments ,  2
screens ,  1
texts ,  3
fearfully ,  1
proceed ,  2
wield ,  1
flowered ,  1
conspiring ,  1
hurrah ,  1
minor ,  1
horses ,  2
flat ,  1
wretched ,  4
knows ,  13
grabbing ,  3
mire ,  1
waxed ,  1
sorcery ,  1
pairs ,  1
flag ,  1
wretches ,  1
known ,  13
sustenance ,  3
waxes ,  1
glad ,  2
debates ,  1
bedwards ,  1
v ,  3
unfairness ,  1
atrocious ,  1
conspire ,  1
protects ,  2
cultivate ,  1
court ,  2
goal ,  3
desperation ,  1
rather ,  20
obverse ,  1
breaking ,  14
untied ,  1
occasionally ,  1
extinguished ,  1
goat ,  2
acknowledging ,  1
simplicity ,  1
shouldnt ,  1
weaknesses ,  1
inflammable ,  1
indomitable ,  2
adventure ,  1
proclaimed ,  2
short ,  14
amulyas ,  4
departure ,  1
artful ,  1
shore ,  3
shade ,  7
retaliate ,  1
began ,  28
outrages ,  1
mission ,  2
outraged ,  2
quarrels ,  1
pretext ,  4
avenue ,  1
eluded ,  1
inquiries ,  1
thirtieth ,  1
disagreed ,  1
style ,  2
susceptible ,  1
inward ,  2
resort ,  1
parts ,  1
might ,  30
somebody ,  3
insensibility ,  1
hunter ,  1
speechless ,  2
belittle ,  1
hunted ,  1
unreasoning ,  1
inequality ,  1
stroked ,  1
inherent ,  4
intolerable ,  3
dakshina ,  1
weight ,  10
fixture ,  1
marwari ,  1
expect ,  6
undertake ,  1
wondered ,  5
disquiet ,  1
paradise ,  7
induced ,  1
boldness ,  3
forgive ,  6
monotony ,  1
topsy ,  1
teach ,  4
thrown ,  3
cremated ,  1
thread ,  3
prejudice ,  1
threat ,  1
fallen ,  4
feel ,  47
churning ,  2
fancy ,  2
feet ,  54
sympathy ,  1
dint ,  1
defects ,  1
blank ,  4
soaps ,  4
passer ,  1
passes ,  1
story ,  30
leading ,  3
hangs ,  1
passed ,  18
overbold ,  1
store ,  5
treasured ,  1
calculations ,  1
relieved ,  2
importunity ,  1
treasures ,  1
wayfarer ,  2
convinced ,  1
king ,  5
kind ,  19
throttle ,  1
double ,  5
aims ,  1
superfluity ,  1
insulted ,  4
dispenser ,  2
stale ,  1
tongues ,  1
dainties ,  1
alike ,  2
tongued ,  1
remodel ,  1
hopelessly ,  2
nights ,  6
finding ,  4
added ,  1
intervened ,  1
reach ,  9
rarefied ,  1
fangled ,  1
nothing ,  72
prestige ,  1
measured ,  1
brahmaputra ,  1
achievement ,  2
dealers ,  1
numberless ,  3
windows ,  1
lying ,  7
[26] ,  1
fond ,  4
banian ,  1
shares ,  1
melody ,  2
penalty ,  5
his ,  1
hit ,  3
gains ,  2
revered ,  2
him ,  1
necked ,  1
cartoons ,  1
activity ,  1
heaping ,  1
untying ,  1
repulsed ,  1
bars ,  1
art ,  8
mischievously ,  2
intelligence ,  2
bara ,  36
dumb ,  3
heaped ,  1
arm ,  4
visualize ,  2
learnt ,  4
unions ,  1
various ,  3
recking ,  1
creating ,  3
sold ,  1
sole ,  2
confiscated ,  2
succeed ,  3
betrayed ,  3
rudra ,  1
riddles ,  1
blazed ,  2
became ,  13
asceticism ,  1
bond ,  1
finds ,  6
flies ,  3
distress ,  2
reasons ,  1
sweet ,  9
embarrassing ,  1
sweep ,  2
harbour ,  2
village ,  12
goats ,  1
scented ,  2
overlook ,  1
political ,  8
due ,  11
appears ,  1
reduction ,  1
watchword ,  2
brick ,  1
woke ,  1
flight ,  4
flints ,  1
latterly ,  2
unresisting ,  2
demand ,  6
plants ,  1
stolen ,  5
boast ,  4
unhesitating ,  1
theres ,  1
blurted ,  2
leant ,  1
demon ,  6
ecstasy ,  1
obstacle ,  3
headway ,  1
rid ,  8
anguish ,  1
trial ,  7
badgering ,  1
peoples ,  1
9 ,  1
shirk ,  3
higher ,  3
arrives ,  1
restraint ,  7
usually ,  2
impede ,  1
deluding ,  1
lower ,  5
solemnity ,  1
depending ,  1
anybody ,  6
magnified ,  1
edge ,  4
sneered ,  3
starved ,  2
dares ,  1
pollen ,  1
endeavour ,  3
unseen ,  1
questions ,  2
prince ,  5
gems ,  3
illusions ,  7
extracted ,  1
treacle ,  1
workers ,  3
drooped ,  1
associations ,  1
complaint ,  1
deadened ,  1
cataclysmal ,  1
awakes ,  2
entangled ,  2
awaken ,  1
plundering ,  1
avatars ,  1
ignore ,  3
distrust ,  2
unstable ,  2
essential ,  1
arrived ,  4
hotchpotch ,  1
understood ,  8
litter ,  1
hurriedly ,  4
selfishness ,  1
modernize ,  1
gradually ,  6
epicures ,  1
fragments ,  2
bookshelves ,  1
raided ,  2
refused ,  13
aloft ,  3
consolation ,  3
upraised ,  1
refuses ,  2
intense ,  1
suksar ,  3
tortuous ,  1
niceness ,  1
chuckled ,  1
lifeless ,  2
hatred ,  1
womens ,  2
youthful ,  2
plan ,  3
elasticity ,  1
services ,  1
piteous ,  1
vagabond ,  1
impressed ,  2
tenth ,  1
rows ,  1
omaments ,  1
fast ,  11
impresses ,  1
selfsame ,  1
mundane ,  1
plunge ,  5
solidity ,  1
cloth ,  9
crank ,  1
repeatedly ,  4
forbidding ,  1
junior ,  7
raising ,  3
mystify ,  1
motive ,  1
patriot ,  1
slavishness ,  1
sullied ,  1
called ,  26
freak ,  1
stick ,  1
steeped ,  1
warning ,  2
rally ,  1
sandalwood ,  1
rainy ,  1
tone ,  5
rains ,  3
peace ,  7
backs ,  2
seething ,  1
mock ,  1
cultivating ,  1
mustard ,  1
problems ,  2
breasts ,  4
helping ,  2
meaning ,  10
allowing ,  2
rightful ,  2
reproached ,  1
vice ,  1
accumulations ,  1
departs ,  1
narrative ,  1
pyre ,  1
buffalo ,  1
reined ,  1
wrestle ,  1
resistance ,  1
gang ,  3
winds ,  2
magnifying ,  1
xxii ,  1
peering ,  1
stable ,  1
breach ,  1
ed] ,  1
breathing ,  1
wished ,  1
notes ,  8
tenderness ,  1
dealt ,  1
concluded ,  2
toils ,  2
folds ,  3
wrestling ,  1
fold ,  1
folk ,  4
waiting ,  19
capital ,  1
gaily ,  1
desires ,  9
youngest ,  1
desired ,  1
separation ,  6
miser ,  1
larger ,  5
shades ,  2
leaving ,  16
spices ,  1
feverishly ,  1
examinations ,  1
apple ,  1
scales ,  1
apt ,  1
apply ,  1
galloped ,  1
bhairavi ,  1
witchery ,  1
use ,  30
figure ,  9
consumption ,  1
germ ,  1
examination ,  3
weeping ,  3
sort ,  7
plaited ,  1
inclined ,  3
heir ,  1
steadfastly ,  1
virulence ,  1
recount ,  1
sculptor ,  1
women ,  48
annoy ,  1
smallness ,  1
getting ,  25
foppish ,  1
distractions ,  1
indulgence ,  1
thirsty ,  1
calculation ,  1
inaccessible ,  1
heaving ,  1
something ,  39
sir ,  30
united ,  3
sit ,  8
six ,  19
struggles ,  1
fortunate ,  2
traders ,  3
actualities ,  2
instead ,  6
struggled ,  1
sin ,  22
attend ,  9
immersed ,  1
abuse ,  1
convulsing ,  1
light ,  43
interrupted ,  5
budge ,  1
cheapen ,  1
tenure ,  1
necklace ,  3
coolly ,  2
twining ,  1
palanquin ,  2
looks ,  6
lifeblood ,  1
contaminated ,  1
obeisance ,  9
superior ,  4
inaugurate ,  1
voiceless ,  1
permanent ,  4
covered ,  4
bye ,  1
crowds ,  1
adornment ,  2
crash ,  1
practice ,  2
flew ,  1
satellites ,  1
kundus ,  6
articles ,  4
bewilderment ,  1
admonished ,  1
profound ,  2
feast ,  4
bills ,  1
absentmindedness ,  1
related ,  1
bogey ,  1
sob ,  1
indulged ,  1
sentiment ,  1
chaos ,  2
vaishnavas ,  1
plaguing ,  1
impart ,  4
despairing ,  1
pours ,  1
utensil ,  1
conflicts ,  3
rejoice ,  3
anyhow ,  6
tenant ,  6
weaves ,  1
phrases ,  5
conversation ,  1
birthday ,  7
precepts ,  2
embryo ,  1
obscurity ,  1
plainly ,  3
echo ,  5
droop ,  2
unknown ,  6
anaemic ,  1
boil ,  1
misunderstood ,  2
shell ,  3
unceasing ,  2
academy ,  1
doomed ,  2
shallow ,  1
slides ,  1
july ,  2
summoning ,  1
riches ,  2
richer ,  1
ranis ,  9
chattered ,  1
creditors ,  1
unaccountable ,  2
fetter ,  2
sincerity ,  2
gloomily ,  1
betel ,  4
afraid ,  17
pupils ,  2
sahib ,  1
zenana ,  7
= ,  2
centre ,  7
who ,  1
filch ,  1
emancipation ,  1
alarmed ,  2
class ,  5
clasp ,  1
trustiness ,  1
pipe ,  2
bulging ,  1
chances ,  1
pleases ,  2
rejecting ,  1
changeful ,  1
utter ,  12
fear ,  31
debate ,  2
nearer ,  2
highest ,  3
clutching ,  1
combs ,  2
incantations ,  2
neared ,  2
local ,  4
indignant ,  3
topple ,  1
watching ,  1
mainly ,  1
enthroned ,  1
ones ,  24
words ,  48
feasted ,  1
burglary ,  1
dyspepsia ,  1
ended ,  5
deceives ,  1
married ,  7
acutely ,  1
infesting ,  1
truer ,  2
europe ,  2
humiliation ,  3
acquired ,  2
turbulent ,  2
multitudinousness ,  1
closer ,  1
closes ,  1
cruel ,  11
superb ,  1
genius ,  4
welled ,  1
closed ,  9
limit ,  5
bought ,  3
avow ,  1
opening ,  4
joy ,  17
agencies ,  1
cake ,  3
spoil ,  5
memento ,  1
clogged ,  1
grounds ,  4
wall ,  4
walk ,  3
worldly ,  2
respect ,  13
overpayment ,  1
lakshman ,  1
hindu ,  8
immortality ,  3
responds ,  2
tutor ,  1
unspoken ,  1
sufficient ,  1
twinge ,  1
scrutiny ,  1
unmoved ,  4
repetition ,  2
present ,  20
eyelashes ,  1
abandoned ,  1
fearful ,  4
will ,  231
wild ,  4
wile ,  1
supply ,  5
layer ,  2
barely ,  1
ringing ,  2
thus ,  24
encouragement ,  1
requisitions ,  1
thud ,  1
ava ,  1
prodigality ,  1
perhaps ,  16
vintage ,  1
privileges ,  1
cross ,  2
member ,  1
unity ,  1
merciful ,  2
gets ,  9
disciple ,  1
grandeur ,  1
difficult ,  12
lout ,  2
conceived ,  2
beast ,  4
student ,  12
gutter ,  2
contest ,  1
sung ,  1
fighting ,  3
scruples ,  4
spectator ,  1
english ,  12
cried ,  23
heavily ,  2
quarterstaff ,  1
wealthy ,  1
cries ,  2
happiness ,  8
smite ,  1
rapid ,  2
drunk ,  1
sky ,  28
discuss ,  2
arresting ,  1
concourse ,  1
attractive ,  2
sanskrit ,  2
jars ,  1
boon ,  10
execute ,  1
know ,  106
knot ,  5
press ,  2
perpetual ,  2
loser ,  1
loses ,  3
roundly ,  1
feigned ,  1
clutch ,  1
starred ,  1
wonders ,  1
tumble ,  2
ablaze ,  1
neglecting ,  1
misadventures ,  1
throughout ,  1
leaf ,  1
lead ,  7
lean ,  1
leap ,  2
noose ,  2
poets ,  1
schoolmasters ,  4
stay ,  13
paste ,  1
throne ,  1
threats ,  1
rare ,  2
carried ,  4
linger ,  1
universe ,  5
abstinence ,  1
swear ,  5
ashy ,  1
wilderness ,  1
catechu ,  1
trunks ,  1
promise ,  5
brush ,  3
unrifled ,  1
eh ,  2
transfer ,  1
faithfully ,  1
scintillating ,  1
mutter ,  1
volume ,  1
piously ,  1
contradictory ,  1
shant ,  1
deuce ,  1
made ,  106
tactics ,  3
whether ,  17
protesting ,  1
distract ,  2
venetian ,  1
record ,  1
ruling ,  1
infants ,  1
broadly ,  1
stirring ,  2
eagerness ,  1
ploughing ,  1
gnawing ,  2
goodness ,  4
counteract ,  1
vidyapati ,  1
mutual ,  2
boor ,  2
roars ,  1
book ,  23
sick ,  1
conclusion ,  1
kinds ,  5
moguls ,  1
nourishment ,  1
june ,  1
blabbing ,  1
upwards ,  1
readiest ,  1
jewel ,  12
